id_cliente,edad,antiguedad_meses,num_productos,tiene_tarjeta_credito,usa_app_movil,saldo_cuenta,score_crediticio,num_transacciones_mes,quejas_ultimo_trimestre,churn
10000,32,58,4,0,1,2119.37,797,17,2,0
10001,37,118,1,0,1,19531.92,436,85,3,1
10002,38,34,2,0,0,87458.24,782,9,2,0
10003,60,37,3,1,0,29100.0,419,42,3,1
10004,67,63,4,0,0,55642.18,617,5,4,1
10005,36,100,2,0,0,140046.6,457,42,0,0
10006,21,32,1,0,1,93289.21,637,49,3,1
10007,23,39,1,1,1,140974.03,460,93,2,0
10008,40,23,4,0,0,124909.82,471,55,1,0
10009,41,8,1,1,0,74382.15,752,26,3,1
10010,58,93,6,1,0,149857.99,532,20,4,1
10011,27,31,6,0,1,4356.76,514,1,1,0
10012,45,23,4,1,0,32074.32,768,43,4,1
10013,68,76,4,0,1,124918.63,394,80,2,0
10014,18,118,4,1,0,136066.17,511,65,3,0
10015,50,94,1,1,0,15255.95,352,30,2,1
10016,65,46,6,1,1,80633.51,581,90,3,1
10017,58,52,6,0,0,132183.68,523,1,1,0
10018,67,11,3,0,0,55546.95,610,89,0,0
10019,34,47,3,1,0,143688.47,306,85,2,1
10020,56,90,5,1,1,130346.05,559,33,4,1
10021,32,48,4,1,1,39334.1,372,45,1,0
10022,66,117,4,0,1,95046.45,672,60,2,0
10023,21,111,1,0,0,63639.95,502,54,0,0
10024,62,101,1,1,1,36558.46,588,74,0,0
10025,23,84,4,0,1,110932.26,538,36,1,0
10026,23,72,3,0,1,121052.89,576,95,2,1
10027,30,92,2,0,1,125478.87,406,83,2,1
10028,64,117,4,1,0,43237.19,600,64,1,0
10029,41,88,3,0,1,134928.63,336,99,1,0
10030,71,61,5,0,1,18663.58,820,48,4,1
10031,43,77,2,1,0,117351.51,541,57,2,1
10032,19,11,2,1,0,81671.8,444,80,1,0
10033,38,83,1,1,0,64164.25,654,58,0,0
10034,75,34,2,1,0,122884.67,716,18,0,0
10035,44,52,3,1,1,81427.0,756,96,3,0
10036,66,111,5,0,0,103650.23,397,73,4,1
10037,55,110,6,1,1,29649.09,574,37,3,1
10038,35,96,3,1,1,127893.5,530,30,3,1
10039,55,109,4,0,1,5566.56,585,75,2,1
10040,52,90,1,0,0,32553.93,403,54,1,0
10041,52,115,3,1,1,41789.49,464,51,4,1
10042,42,74,2,0,1,58367.51,801,74,1,0
10043,64,8,2,0,0,124884.98,806,24,4,1
10044,23,42,1,1,0,15889.6,449,61,1,0
10045,67,114,1,1,1,17089.13,499,98,0,0
10046,63,77,2,0,1,136824.02,769,85,1,0
10047,18,62,1,1,1,112751.92,478,20,2,1
10048,70,103,6,1,0,23663.61,391,57,4,1
10049,74,95,1,1,1,121541.22,665,7,4,1
10050,57,35,3,1,1,51681.68,595,52,4,0
10051,48,11,2,1,1,81942.26,336,22,3,1
10052,74,9,1,1,1,94542.32,675,86,3,1
10053,35,21,4,0,1,122383.24,576,64,0,1
10054,69,33,3,1,0,75727.64,414,1,1,0
10055,69,8,4,1,0,69487.55,436,47,2,0
10056,23,97,5,0,0,80144.91,632,26,4,1
10057,66,42,5,0,1,115883.31,721,12,2,1
10058,71,55,4,1,0,146185.12,319,69,0,0
10059,36,118,2,1,1,4671.54,594,27,3,0
10060,49,86,4,0,1,67575.28,783,55,2,0
10061,22,88,3,1,0,56007.22,481,93,3,1
10062,70,37,3,0,0,71098.21,651,89,3,1
10063,70,106,6,1,1,8913.71,538,70,2,0
10064,65,120,6,1,0,114680.14,794,43,1,0
10065,49,62,1,1,0,77223.2,368,80,3,1
10066,62,77,1,0,0,55375.59,690,92,4,1
10067,54,14,2,0,1,24111.99,388,60,2,0
10068,56,62,1,1,1,111107.71,476,31,2,0
10069,63,20,6,0,0,86133.88,626,97,2,0
10070,35,118,5,1,1,77766.86,358,94,2,1
10071,53,94,6,1,0,99885.09,395,34,4,1
10072,50,39,4,1,0,24338.31,695,69,1,0
10073,74,51,6,0,0,54513.09,719,48,0,0
10074,36,22,4,1,0,75736.37,580,29,2,0
10075,50,24,4,0,1,60814.93,601,50,3,0
10076,32,114,3,0,1,13058.57,582,9,4,1
10077,52,31,5,1,1,128484.94,839,32,0,0
10078,32,21,1,1,1,16726.66,835,40,1,0
10079,72,33,5,1,0,40916.75,847,74,2,1
10080,46,102,6,1,0,11561.2,708,75,1,0
10081,38,30,4,1,1,1797.45,466,7,0,0
10082,74,74,6,1,0,138353.28,771,75,2,0
10083,23,34,2,1,1,27366.59,393,20,2,1
10084,25,97,6,0,0,81934.03,839,8,1,0
10085,58,1,6,1,0,5560.14,446,50,1,1
10086,23,23,3,0,1,119076.67,783,66,4,1
10087,23,107,4,1,1,47627.73,603,74,1,0
10088,18,8,2,0,1,121760.74,580,81,2,1
10089,58,92,5,1,0,3904.38,549,5,1,0
10090,19,31,3,1,0,74548.7,437,68,4,1
10091,38,93,2,0,1,137156.73,727,77,4,1
10092,45,85,4,0,0,24970.85,384,96,0,0
10093,20,115,6,0,0,143131.5,416,58,2,0
10094,56,120,3,1,0,41908.95,631,60,2,0
10095,73,106,2,1,1,98373.88,351,68,2,1
10096,53,62,5,0,1,43707.19,817,90,4,0
10097,29,30,6,1,1,104510.16,381,92,2,0
10098,39,92,5,1,0,144286.68,698,40,1,0
10099,71,21,5,1,0,10011.73,428,34,1,0
10100,75,107,1,1,1,35541.48,758,90,2,1
10101,25,94,5,0,1,149350.99,443,63,1,0
10102,65,115,6,1,0,54820.54,404,61,1,0
10103,64,83,5,0,1,149856.44,377,17,3,1
10104,26,68,6,1,1,114721.28,732,20,2,1
10105,41,72,6,1,0,122522.12,612,38,1,0
10106,70,109,6,0,1,59833.0,365,9,3,0
10107,58,21,1,1,1,146224.22,313,70,3,1
10108,45,23,6,0,1,126156.58,751,58,1,1
10109,73,13,4,0,1,23701.04,548,98,3,1
10110,46,88,3,0,0,94351.95,814,74,0,0
10111,57,31,3,0,1,105674.94,368,26,2,0
10112,51,106,4,0,1,122593.7,505,53,2,0
10113,22,28,4,1,0,98290.59,330,84,0,0
10114,45,37,1,0,0,116247.45,586,30,1,0
10115,36,119,2,0,1,87205.07,308,55,3,1
10116,73,105,2,0,1,55072.03,354,62,4,1
10117,72,101,5,1,1,99022.32,621,77,4,1
10118,37,84,4,0,0,16951.46,762,9,0,0
10119,55,14,4,1,0,114715.06,678,2,1,0
10120,56,105,3,0,0,116835.99,603,64,2,0
10121,56,106,2,1,0,32200.78,675,20,4,1
10122,52,86,6,0,1,141193.77,325,83,0,0
10123,28,60,1,1,1,38747.63,454,45,1,0
10124,74,103,5,0,1,140894.7,335,26,1,0
10125,69,54,4,1,1,11731.49,422,62,1,0
10126,29,41,4,0,0,66491.04,765,37,3,1
10127,43,31,1,0,1,23378.25,681,21,3,1
10128,65,52,2,0,1,96992.23,364,45,4,0
10129,22,1,1,1,0,51871.61,778,91,2,0
10130,62,37,1,0,0,48031.68,484,19,4,1
10131,26,54,5,1,0,115994.96,365,52,3,1
10132,57,90,5,0,1,84606.18,307,34,4,1
10133,24,102,3,0,0,3734.02,748,79,4,1
10134,26,26,1,0,0,6469.26,511,16,1,0
10135,25,61,6,0,1,31826.09,516,38,2,0
10136,26,76,5,0,1,18512.26,773,92,2,0
10137,56,2,1,0,1,84591.21,371,25,0,0
10138,46,40,1,1,0,75435.16,421,92,4,1
10139,22,64,3,0,1,116771.87,656,84,1,0
10140,48,38,5,1,1,96418.94,768,100,2,1
10141,35,110,3,1,0,86298.72,844,61,0,0
10142,41,103,1,0,1,91095.18,641,75,1,0
10143,47,8,2,0,1,136320.62,500,11,4,1
10144,52,46,6,1,0,49427.16,763,46,3,0
10145,22,66,1,0,1,27819.34,331,27,0,0
10146,53,103,6,0,1,115063.31,709,11,1,0
10147,23,119,6,0,0,29959.18,304,4,4,1
10148,30,66,2,0,0,46642.75,408,24,4,1
10149,20,113,2,0,1,41074.21,796,57,2,1
10150,43,47,3,0,0,54387.1,746,18,1,1
10151,42,93,5,1,0,126738.95,373,93,3,0
10152,37,75,6,0,0,131979.56,598,80,4,1
10153,34,15,4,1,1,99128.19,571,26,3,1
10154,41,71,2,0,0,8683.52,451,12,4,1
10155,73,81,4,0,1,109408.43,755,37,3,1
10156,37,31,2,1,0,37919.02,390,35,2,1
10157,60,83,6,0,0,1798.95,519,51,3,1
10158,72,37,1,1,1,115529.69,639,10,2,0
10159,34,82,5,1,1,144484.84,496,66,1,1
10160,34,29,2,0,0,95679.43,404,84,1,0
10161,67,81,2,0,1,41761.52,364,57,3,1
10162,67,35,1,0,1,59214.74,500,45,2,0
10163,66,15,4,0,1,71560.63,343,18,2,1
10164,43,110,5,0,1,125552.15,776,53,1,0
10165,36,49,1,1,1,34689.21,576,58,1,0
10166,65,58,2,1,0,22339.22,595,83,3,1
10167,66,85,1,0,0,130051.55,665,42,4,1
10168,32,24,3,0,1,34762.27,502,2,4,1
10169,35,66,2,0,1,83783.62,422,100,2,0
10170,67,90,3,0,1,142.45,823,26,4,1
10171,52,105,6,1,0,7289.74,798,97,0,0
10172,69,52,5,1,1,75107.85,435,96,0,0
10173,47,60,4,1,0,71990.74,345,80,4,1
10174,73,58,5,0,1,58223.85,394,14,2,1
10175,55,84,6,1,1,42974.25,494,30,4,1
10176,38,100,2,1,0,134298.55,726,40,2,0
10177,52,23,5,0,0,53826.55,707,0,0,0
10178,24,107,5,0,1,31270.44,305,81,0,0
10179,50,108,6,0,0,139779.05,751,99,4,1
10180,46,117,5,0,1,109332.98,778,2,0,0
10181,27,51,5,1,0,67901.97,550,41,0,0
10182,48,46,2,0,1,137940.69,516,53,2,1
10183,75,32,3,0,1,71896.54,494,18,4,1
10184,72,70,2,0,1,132536.83,505,57,1,0
10185,26,86,6,0,0,112033.47,457,43,0,0
10186,22,74,5,0,0,2435.66,537,31,3,1
10187,44,67,4,1,0,22636.32,828,95,0,1
10188,21,112,5,1,1,14692.72,726,13,2,0
10189,30,98,5,0,0,12248.63,362,52,3,1
10190,42,47,5,1,1,92888.16,718,98,2,0
10191,43,42,1,1,1,109648.39,748,30,0,0
10192,23,12,3,0,0,113216.78,306,6,4,1
10193,71,62,5,1,1,51339.55,627,18,4,1
10194,51,107,3,1,1,128688.63,607,57,0,0
10195,56,98,1,1,1,131502.67,312,66,4,1
10196,33,110,5,1,1,5184.62,631,7,2,1
10197,50,106,2,1,1,139157.19,655,55,1,0
10198,62,102,3,0,0,66950.65,782,45,4,1
10199,42,6,4,1,0,118491.01,484,72,0,0
10200,60,79,1,1,0,23557.11,828,70,4,1
10201,65,59,5,1,0,72132.08,407,76,1,0
10202,19,45,2,0,0,39189.82,378,53,3,1
10203,31,105,5,1,0,120087.07,484,9,4,1
10204,52,104,6,1,0,86.04,432,80,1,0
10205,67,56,2,1,0,57610.02,442,22,0,1
10206,29,119,2,0,0,56407.66,662,99,3,1
10207,57,17,1,1,0,146676.47,484,92,4,1
10208,20,14,6,1,1,37452.94,817,8,2,0
10209,24,93,6,0,0,127477.4,378,65,0,0
10210,59,85,5,1,0,102054.57,523,71,4,1
10211,58,85,4,0,1,53319.18,413,69,2,1
10212,71,11,2,1,1,106730.72,678,10,2,1
10213,32,47,1,1,0,45758.35,556,84,1,1
10214,24,35,3,1,1,123147.65,512,87,3,1
10215,55,107,5,0,0,94816.29,563,1,3,1
10216,75,3,6,1,1,23029.81,371,61,0,1
10217,39,80,1,1,0,95568.05,469,57,1,0
10218,65,11,4,1,0,51614.34,313,100,0,0
10219,53,32,2,0,1,52291.78,533,79,4,1
10220,24,50,6,1,1,126369.1,807,73,1,0
10221,18,31,1,0,0,120467.52,381,21,4,1
10222,70,111,5,1,1,141345.23,518,37,4,1
10223,69,81,6,0,1,46532.14,771,94,0,0
10224,24,31,1,0,1,30675.59,693,12,0,0
10225,69,9,2,1,0,134937.6,566,35,0,0
10226,29,98,3,0,0,109110.62,613,57,3,1
10227,64,77,3,1,0,15303.33,801,26,2,1
10228,31,37,3,0,0,146031.13,309,70,2,1
10229,70,95,3,1,1,57468.67,376,13,1,0
10230,40,120,4,0,0,6848.44,635,39,0,0
10231,41,57,2,1,0,33992.24,520,69,2,0
10232,63,62,1,0,1,42986.42,319,82,4,1
10233,21,50,4,0,0,46726.02,823,33,4,1
10234,50,84,3,1,1,66753.15,396,71,2,1
10235,44,78,3,0,1,76385.16,838,39,3,1
10236,65,86,1,0,1,85517.99,337,37,3,1
10237,54,90,1,1,0,145813.6,353,54,0,0
10238,28,93,4,1,1,4683.23,737,21,0,0
10239,55,2,2,0,1,71617.16,778,99,4,1
10240,46,74,4,1,0,44417.06,628,78,2,0
10241,61,82,3,0,0,94086.46,520,72,3,0
10242,22,86,6,1,1,53424.74,436,66,3,1
10243,31,46,1,0,1,71499.15,713,81,4,1
10244,63,18,4,1,0,138868.73,607,56,2,0
10245,64,119,1,0,0,117105.8,817,18,0,0
10246,42,54,3,0,0,109513.87,676,46,0,1
10247,19,87,5,1,1,59581.13,423,1,2,0
10248,46,58,4,0,0,111181.07,836,39,3,1
10249,34,7,2,1,0,140588.85,824,20,2,1
10250,34,88,1,0,1,116298.54,320,98,1,0
10251,38,20,6,0,1,6626.62,558,16,2,1
10252,36,53,3,0,1,68809.47,710,1,2,0
10253,50,17,1,1,0,122182.51,583,71,1,0
10254,48,57,3,1,0,41627.42,846,15,1,1
10255,28,48,3,1,1,147160.57,508,66,2,0
10256,49,61,2,0,1,140199.58,823,44,2,0
10257,38,31,3,1,0,47757.97,404,6,4,1
10258,63,107,2,0,0,39085.21,602,94,4,1
10259,43,67,6,1,0,59222.63,425,83,0,0
10260,67,65,6,0,0,108020.13,728,66,4,1
10261,40,75,5,0,0,106767.79,427,61,4,1
10262,28,42,2,0,1,112860.59,809,82,3,1
10263,42,100,2,0,0,78952.46,740,17,0,0
10264,31,66,5,0,0,99128.03,544,67,1,0
10265,72,91,3,1,1,42153.3,839,1,2,0
10266,21,65,4,0,1,129846.05,456,82,2,0
10267,73,59,1,0,1,78761.03,389,21,1,0
10268,65,62,4,1,1,127616.67,722,59,0,0
10269,57,24,3,1,1,2414.3,761,82,1,0
10270,56,111,3,0,1,136027.68,790,6,1,0
10271,46,45,4,0,0,127127.81,553,59,1,0
10272,53,102,3,1,1,142814.72,534,35,2,0
10273,64,25,4,1,0,138751.22,782,0,4,0
10274,33,13,2,1,1,40062.83,570,59,4,1
10275,36,120,1,0,1,2860.37,830,87,2,0
10276,45,88,1,0,1,97767.35,491,24,1,1
10277,39,94,3,1,1,99553.28,385,0,2,0
10278,58,106,5,1,1,68602.71,307,93,0,0
10279,55,79,6,1,1,58953.23,489,45,0,0
10280,59,33,4,1,0,115833.71,758,89,0,0
10281,33,59,5,1,1,528.57,466,81,0,0
10282,26,52,2,1,1,144958.46,637,10,0,0
10283,55,76,5,0,0,60751.75,487,4,2,1
10284,35,27,6,1,1,120803.09,381,6,0,0
10285,41,14,1,1,0,137402.03,671,53,1,0
10286,75,61,3,1,0,143697.06,644,41,3,1
10287,38,120,5,0,1,64060.96,656,79,3,1
10288,64,75,5,0,0,58820.68,337,84,3,1
10289,75,45,4,0,1,48171.6,483,6,4,1
10290,73,74,3,0,0,19055.92,427,0,3,1
10291,46,106,3,0,0,71966.37,416,46,0,0
10292,28,10,1,1,0,142068.43,336,32,1,0
10293,26,6,4,0,0,49273.07,349,83,0,0
10294,58,111,3,0,0,6539.08,523,35,3,1
10295,20,55,2,1,0,702.77,798,83,1,0
10296,57,91,5,0,0,74439.96,519,75,1,1
10297,47,74,4,1,0,70928.46,550,59,3,0
10298,42,56,2,0,0,19245.2,424,75,0,1
10299,21,53,1,1,1,115273.97,753,39,1,0
10300,41,114,4,1,1,31758.34,809,4,1,0
10301,64,77,4,0,0,34195.62,633,26,2,0
10302,29,75,3,1,1,88330.55,554,69,2,1
10303,56,31,2,0,1,92984.37,630,48,2,1
10304,71,106,3,0,1,112617.38,689,70,0,0
10305,68,7,2,1,1,50920.37,768,92,4,1
10306,21,84,6,1,0,80034.52,488,93,2,1
10307,57,33,6,0,1,76506.35,721,95,0,0
10308,39,99,3,0,1,128348.46,467,94,2,0
10309,60,38,3,0,0,22053.85,601,60,4,0
10310,38,22,4,0,0,147393.67,364,64,4,1
10311,38,114,5,0,1,78753.17,680,95,4,1
10312,62,26,5,1,0,141979.16,371,100,3,1
10313,18,104,1,0,0,85662.27,822,10,4,1
10314,52,108,4,0,1,53318.97,432,10,1,0
10315,28,39,3,1,1,145936.07,722,73,2,1
10316,43,89,3,1,1,89035.19,646,82,4,0
10317,43,14,4,1,0,91634.34,828,98,3,0
10318,36,4,1,0,1,78775.01,714,55,4,1
10319,60,13,2,1,1,44820.77,559,75,2,1
10320,67,9,2,1,1,141893.94,558,49,3,0
10321,54,72,3,0,0,94641.64,334,90,4,1
10322,55,70,4,0,1,78625.2,458,56,2,0
10323,37,31,6,1,0,135725.89,647,72,2,0
10324,45,29,6,1,1,65747.57,557,89,2,1
10325,62,86,4,0,0,78752.03,353,54,1,0
10326,35,95,4,0,1,89152.55,457,85,2,1
10327,56,34,3,1,0,6101.08,849,84,1,0
10328,66,4,6,1,0,220.08,795,97,4,1
10329,75,61,2,0,1,52148.76,725,39,4,1
10330,36,6,2,0,1,14266.41,308,80,3,1
10331,36,83,6,0,0,14761.61,528,57,2,0
10332,44,100,5,0,0,130412.17,824,81,2,1
10333,31,54,4,1,0,106809.46,350,38,4,1
10334,46,3,4,0,1,133658.61,682,76,3,1
10335,66,99,6,1,0,78441.75,599,4,3,1
10336,63,100,3,1,1,15152.45,691,30,1,0
10337,42,96,4,0,0,52603.97,402,77,1,0
10338,55,85,2,1,1,1515.81,706,94,2,0
10339,44,40,2,1,1,112682.89,436,94,4,1
10340,67,10,3,1,1,106327.1,702,92,3,0
10341,29,85,2,1,0,51516.49,700,91,2,1
10342,74,115,3,0,1,60036.04,455,58,0,0
10343,69,47,3,0,1,13902.65,321,99,4,1
10344,32,69,1,1,0,38602.51,737,22,2,0
10345,34,59,1,1,1,30578.32,754,7,0,0
10346,51,19,3,0,1,138910.05,793,91,1,0
10347,23,84,2,0,0,142290.77,786,42,3,0
10348,43,92,5,1,1,141741.99,403,95,4,1
10349,36,46,3,1,0,131957.57,340,1,3,1
10350,64,83,4,1,0,125394.15,599,77,1,0
10351,50,83,3,1,0,22575.19,612,94,4,1
10352,44,49,4,0,0,104582.59,349,41,3,0
10353,25,15,1,0,0,65740.93,470,70,4,1
10354,75,16,2,1,0,132785.96,554,54,0,0
10355,54,82,2,0,0,64220.85,545,25,4,1
10356,45,61,3,0,1,41287.45,670,46,4,1
10357,73,98,2,0,0,12159.37,624,88,3,1
10358,21,115,1,0,0,111327.03,575,19,2,0
10359,61,13,4,1,1,134686.88,710,22,0,0
10360,30,85,4,0,0,70822.27,302,68,0,0
10361,49,120,2,0,0,105917.3,640,88,1,0
10362,43,55,2,0,1,113862.1,309,13,1,0
10363,22,21,6,1,1,57389.53,814,14,0,0
10364,59,100,4,0,1,48575.15,371,93,1,0
10365,50,41,5,0,1,61009.21,820,86,3,1
10366,38,9,1,1,1,2683.54,631,37,4,1
10367,68,87,5,0,1,40490.29,822,80,3,0
10368,61,111,1,1,1,26751.29,497,20,1,1
10369,69,45,5,1,0,4916.2,640,55,3,1
10370,36,92,2,0,1,59225.96,414,17,4,1
10371,33,37,4,0,0,89.99,402,56,1,1
10372,32,91,5,1,0,48416.07,449,30,1,0
10373,28,83,3,0,1,2346.9,625,30,0,0
10374,36,119,1,0,0,26822.02,810,16,4,1
10375,33,73,5,0,1,67799.2,753,15,1,0
10376,39,86,4,1,0,108091.13,433,30,2,0
10377,68,40,5,0,0,55302.17,816,23,0,0
10378,56,35,2,1,1,4274.3,611,39,1,0
10379,21,13,3,0,0,33014.71,578,21,3,1
10380,29,27,4,1,1,19020.64,374,80,0,0
10381,66,22,2,1,0,48886.84,779,62,4,1
10382,18,115,1,1,0,105895.79,418,61,2,1
10383,71,48,5,0,1,20883.49,407,79,2,1
10384,36,79,5,1,0,50854.49,516,9,1,0
10385,55,95,3,1,0,106335.24,632,22,2,1
10386,57,77,6,1,1,86893.6,615,97,2,1
10387,55,102,6,0,1,144124.88,306,76,2,1
10388,48,92,3,0,0,121625.32,602,94,4,1
10389,75,113,6,1,0,47136.52,402,61,4,1
10390,23,100,6,0,0,20246.83,457,94,3,0
10391,60,99,5,1,0,99517.88,328,15,1,0
10392,60,87,2,1,1,45253.71,328,80,0,1
10393,29,35,3,1,1,62828.35,341,93,3,1
10394,57,16,6,1,0,148110.9,405,27,4,1
10395,28,11,1,1,0,139280.49,557,64,2,0
10396,28,107,6,0,0,103849.73,656,27,4,1
10397,18,105,6,1,1,22384.16,661,47,3,1
10398,62,70,6,1,1,77493.07,341,100,1,0
10399,29,16,4,1,0,106255.28,747,38,2,0
10400,28,54,6,0,1,14391.81,414,54,3,1
10401,59,9,1,0,0,85984.02,398,48,0,0
10402,46,62,3,1,0,52628.34,382,5,0,0
10403,59,118,1,1,1,30327.53,752,71,0,0
10404,18,88,4,0,0,87189.48,608,75,2,0
10405,18,29,2,1,1,143716.77,311,97,1,0
10406,44,39,1,1,0,9862.1,527,100,3,1
10407,51,91,4,1,1,61834.51,341,7,2,1
10408,53,106,2,1,0,18161.64,327,40,1,0
10409,64,71,1,1,0,41852.0,453,34,0,1
10410,35,22,5,0,0,43104.93,742,77,2,1
10411,21,6,4,1,1,69750.13,739,5,4,0
10412,64,26,4,0,1,34091.33,841,58,1,0
10413,66,89,3,0,0,115421.3,693,82,4,1
10414,65,16,5,0,1,101750.92,448,96,4,1
10415,48,112,2,1,1,50017.62,313,7,0,0
10416,63,108,3,1,0,33022.98,746,47,2,1
10417,49,90,6,0,0,23303.53,576,99,1,0
10418,36,12,4,1,0,113213.55,695,67,1,0
10419,49,25,4,0,1,20837.22,370,10,1,1
10420,66,21,2,1,0,117950.4,679,11,1,0
10421,69,1,2,0,0,24363.86,850,85,1,0
10422,18,109,6,0,1,69608.38,368,66,1,0
10423,61,23,3,0,0,64327.39,577,41,4,1
10424,73,117,6,1,1,33196.45,419,42,1,0
10425,21,39,2,1,1,95509.65,761,47,2,0
10426,19,103,1,0,1,148651.53,624,8,1,0
10427,46,6,4,0,1,69327.55,653,43,3,1
10428,37,28,5,0,0,40865.0,818,48,3,1
10429,73,82,5,0,1,29096.04,785,14,2,0
10430,48,10,2,0,0,76275.87,548,2,2,1
10431,71,36,3,0,0,20168.29,523,45,2,1
10432,43,26,4,0,1,47892.53,602,41,2,1
10433,55,2,3,0,1,89007.11,428,36,3,1
10434,25,12,4,1,1,100782.4,835,53,1,0
10435,53,43,5,1,1,48553.85,844,99,4,1
10436,54,16,4,0,1,53138.35,427,14,0,0
10437,64,106,6,1,0,4062.13,773,91,0,1
10438,23,48,2,0,0,136891.32,646,89,4,1
10439,31,75,5,0,1,92464.17,807,86,3,1
10440,69,110,4,0,0,40914.2,378,1,4,1
10441,22,72,5,1,0,137344.01,774,59,1,0
10442,21,52,5,0,1,90071.12,540,4,2,0
10443,31,112,1,1,1,108443.24,776,4,0,0
10444,70,112,4,1,1,110287.74,755,68,2,0
10445,31,40,1,1,0,35636.58,452,95,4,1
10446,31,52,4,1,1,134512.02,541,37,1,0
10447,37,42,6,1,0,39401.95,711,39,1,0
10448,19,31,5,1,0,67475.73,515,25,2,1
10449,54,77,2,0,0,52201.16,349,82,1,0
10450,46,41,6,1,1,26752.97,782,10,0,0
10451,28,76,2,0,1,53005.05,525,1,0,0
10452,18,13,3,0,1,44734.3,770,64,3,1
10453,24,2,1,1,1,104360.18,392,14,3,1
10454,25,102,1,0,1,113096.97,803,56,1,0
10455,25,57,3,0,1,76066.33,503,35,3,1
10456,22,15,5,1,0,81712.45,683,77,1,0
10457,47,119,4,0,1,115092.78,634,24,4,1
10458,62,15,5,1,1,61424.97,553,1,3,1
10459,40,99,6,0,0,74900.28,796,74,1,0
10460,33,90,1,1,0,7940.59,683,16,3,1
10461,23,16,6,0,1,58810.95,440,13,2,0
10462,70,54,4,0,0,2905.71,812,96,3,1
10463,48,29,5,1,0,50009.49,477,85,4,1
10464,21,114,4,1,0,4446.67,571,55,1,0
10465,67,11,6,1,0,70183.95,592,99,2,0
10466,73,48,6,1,1,132299.14,740,90,4,1
10467,36,107,3,1,1,82537.82,714,91,4,1
10468,43,17,2,1,1,79077.34,770,66,2,1
10469,70,46,1,1,1,18547.21,399,62,0,1
10470,58,66,5,1,0,29992.14,537,43,4,1
10471,71,40,3,1,0,101094.29,839,48,0,1
10472,69,120,1,0,1,59773.9,444,70,3,1
10473,66,109,2,0,0,39487.56,650,34,1,0
10474,23,99,2,1,1,114545.93,306,98,2,1
10475,18,92,5,0,0,49094.5,510,43,2,0
10476,62,16,5,1,1,95908.33,766,82,4,1
10477,64,29,5,0,0,16981.57,758,77,1,0
10478,50,54,4,1,1,61509.92,511,93,3,1
10479,37,50,4,0,1,100109.74,395,10,3,1
10480,66,30,5,0,1,93647.0,698,21,1,0
10481,37,92,1,0,1,64393.77,420,12,2,0
10482,55,41,6,0,1,70484.37,650,19,3,1
10483,47,12,3,0,1,146625.56,434,43,1,0
10484,62,78,5,1,1,116036.62,432,39,2,0
10485,46,112,2,1,0,128017.74,453,59,2,1
10486,32,101,4,0,0,100535.54,359,54,1,0
10487,70,120,4,1,1,85382.0,455,50,3,1
10488,46,47,6,0,0,12134.15,509,21,2,1
10489,69,19,1,0,0,25075.97,847,67,4,1
10490,42,115,3,1,1,131687.63,683,95,0,0
10491,41,99,2,0,0,28303.75,816,19,2,1
10492,37,72,6,0,1,59574.36,485,92,1,0
10493,33,81,6,0,1,89115.4,328,77,2,1
10494,20,112,3,1,0,136833.28,760,54,4,1
10495,42,25,4,1,1,102878.17,579,60,4,0
10496,55,69,4,1,1,111306.37,832,72,3,0
10497,43,29,5,0,1,109386.25,818,32,0,0
10498,72,1,1,0,1,14304.35,381,24,2,0
10499,52,119,1,1,1,109027.99,686,56,0,1
10500,65,11,1,0,0,106457.9,499,30,2,1
10501,58,40,1,0,1,130667.49,743,23,0,0
10502,63,65,6,1,0,105348.9,676,5,3,1
10503,33,100,5,1,0,74070.18,590,22,0,0
10504,44,68,1,1,0,132604.78,792,47,2,1
10505,45,15,2,0,0,145814.39,789,56,3,1
10506,52,73,3,1,1,60682.54,410,29,3,0
10507,48,80,3,0,1,84849.05,829,19,2,0
10508,30,30,1,1,0,99035.84,500,39,2,1
10509,25,10,1,1,0,136562.38,353,84,0,0
10510,70,58,6,1,1,89650.09,312,39,0,0
10511,27,26,6,1,1,6002.51,629,66,4,1
10512,44,104,6,1,1,116177.21,839,7,2,0
10513,63,96,4,0,1,68281.4,664,82,2,0
10514,47,8,6,0,1,79256.77,432,54,3,1
10515,41,59,1,1,0,17311.76,608,78,3,1
10516,68,71,6,1,1,117972.35,844,88,3,0
10517,69,64,3,1,0,46115.5,828,45,0,0
10518,27,117,4,1,1,80988.88,387,34,2,0
10519,30,86,3,0,0,45644.67,724,21,4,1
10520,71,106,5,0,1,91039.34,498,41,1,0
10521,52,76,2,1,0,22207.72,394,44,4,1
10522,49,62,1,1,1,112520.89,678,88,1,0
10523,52,73,3,1,1,56406.34,587,63,2,0
10524,38,51,6,1,0,7287.59,831,15,0,0
10525,24,59,3,1,0,114373.36,844,41,0,0
10526,66,120,3,1,1,65724.06,650,34,4,1
10527,75,5,5,0,0,120000.68,492,10,2,1
10528,68,83,4,1,1,74412.95,404,85,4,1
10529,41,102,2,0,1,31853.97,763,37,3,0
10530,37,110,1,1,1,540.22,636,85,3,1
10531,69,86,2,1,0,55412.3,599,67,2,1
10532,42,35,2,0,0,58422.75,708,47,4,1
10533,51,118,4,0,0,29783.49,695,45,4,1
10534,75,60,4,1,0,35385.86,422,53,2,0
10535,35,91,3,0,0,123298.2,775,95,2,0
10536,31,92,6,1,1,84436.95,385,86,4,1
10537,34,119,1,1,1,77327.3,561,98,4,1
10538,26,103,4,1,0,2257.45,578,55,1,0
10539,41,118,6,0,0,130879.3,687,66,1,0
10540,72,58,6,0,0,48538.66,755,54,3,1
10541,69,113,2,0,0,41989.34,579,59,3,1
10542,75,119,3,1,0,85426.39,591,85,2,1
10543,44,9,6,0,1,90597.79,613,21,1,0
10544,48,56,2,0,1,126180.81,407,67,1,0
10545,46,69,6,1,1,29632.02,594,16,0,0
10546,38,120,3,1,0,142296.76,577,21,4,0
10547,39,86,6,1,1,109260.91,707,51,0,0
10548,20,120,2,1,0,8073.95,388,79,2,0
10549,72,23,6,0,1,10957.8,304,50,4,1
10550,75,10,6,0,1,685.47,534,75,2,1
10551,65,112,3,0,1,602.55,752,66,4,1
10552,18,12,6,1,0,33238.8,308,80,0,0
10553,32,6,5,1,0,13541.46,503,95,2,1
10554,18,91,2,1,1,64627.45,751,82,4,1
10555,42,79,3,0,1,72664.76,637,12,3,1
10556,72,8,6,1,1,106312.7,482,93,1,0
10557,36,106,5,0,0,55248.86,833,57,3,1
10558,53,5,3,1,0,72911.48,587,43,0,0
10559,72,101,5,0,1,57407.36,738,100,1,0
10560,30,56,3,1,0,70218.37,488,90,4,1
10561,46,35,5,0,0,55946.49,337,74,1,0
10562,38,37,1,1,0,67102.84,474,72,2,1
10563,34,38,4,0,0,67148.51,313,33,2,1
10564,60,112,6,1,0,20916.08,820,54,0,0
10565,27,72,3,1,0,89083.13,405,39,1,0
10566,25,55,5,1,0,58080.6,399,93,3,1
10567,72,81,3,0,0,134921.92,571,33,4,1
10568,29,5,3,1,1,42097.14,440,72,3,1
10569,62,114,2,1,1,93960.72,731,58,2,0
10570,43,46,5,1,0,148956.16,847,42,1,0
10571,70,67,5,0,0,113213.75,571,63,3,1
10572,55,113,2,1,0,9986.93,724,50,2,1
10573,18,10,2,1,0,41442.08,453,80,0,0
10574,44,107,3,1,0,126738.27,506,0,0,0
10575,71,25,6,0,0,114255.28,509,69,4,1
10576,56,46,3,1,0,131975.57,546,46,0,0
10577,39,59,1,0,0,118573.95,560,65,2,1
10578,57,82,6,0,0,126973.73,483,67,2,1
10579,34,106,3,1,0,43307.35,424,5,3,1
10580,64,69,4,1,0,69817.5,505,56,0,0
10581,23,49,6,0,0,66385.38,403,44,0,1
10582,63,8,4,1,0,94670.63,421,42,1,0
10583,26,47,4,0,0,112934.47,654,95,3,1
10584,73,75,3,1,1,33143.83,732,86,4,1
10585,60,89,5,1,0,12650.53,794,64,2,0
10586,53,35,4,1,1,81976.73,312,90,3,1
10587,75,101,2,1,1,5873.11,448,96,4,1
10588,46,28,3,1,0,5.98,534,74,0,0
10589,54,103,6,1,0,38752.45,722,33,3,1
10590,23,16,5,1,1,48226.51,813,63,3,1
10591,48,67,1,0,0,71633.51,780,10,4,1
10592,61,71,1,1,1,88347.86,584,29,3,0
10593,35,114,2,1,1,104140.56,536,27,4,1
10594,67,32,6,1,0,57101.33,419,43,1,0
10595,47,67,1,0,1,105384.8,386,8,3,1
10596,54,102,1,0,0,84187.6,346,0,2,1
10597,32,43,1,1,0,99339.58,755,67,2,0
10598,67,59,1,1,1,143456.9,625,3,2,0
10599,73,76,3,0,0,69365.32,784,19,1,0
10600,44,43,4,1,1,41062.42,765,53,3,0
10601,69,77,2,0,0,89872.93,498,47,3,0
10602,63,38,6,0,1,130192.94,406,68,2,1
10603,28,89,2,0,1,98551.91,764,5,1,0
10604,61,58,3,1,1,112760.34,775,41,2,0
10605,49,45,4,1,0,48339.13,611,48,4,1
10606,52,57,2,1,0,123750.58,582,19,3,0
10607,52,71,5,1,0,121073.01,311,60,2,1
10608,60,50,3,0,0,97206.69,797,82,1,0
10609,74,48,2,0,1,77326.93,370,64,0,0
10610,73,28,5,1,1,135987.56,387,88,0,0
10611,36,59,3,1,0,138485.18,303,94,3,1
10612,67,18,1,1,0,131624.45,637,94,2,1
10613,62,114,2,0,1,10637.73,426,66,4,1
10614,18,60,1,0,0,135822.86,832,30,2,1
10615,36,50,5,1,0,89500.78,450,97,1,0
10616,60,61,4,1,0,123804.87,563,15,2,0
10617,60,26,4,1,1,63289.68,600,39,1,0
10618,56,38,3,1,0,44423.58,500,97,2,1
10619,59,7,4,1,1,111548.84,667,73,0,0
10620,53,89,2,0,1,84312.71,793,7,0,1
10621,64,40,4,1,0,114320.38,618,45,1,0
10622,43,66,4,1,1,93806.94,308,44,4,1
10623,28,24,2,1,0,26491.19,335,17,1,0
10624,35,102,4,1,0,57790.48,692,31,2,1
10625,71,106,6,1,0,113045.43,621,74,2,0
10626,63,54,5,1,1,16288.31,548,51,1,0
10627,70,61,1,1,0,114413.14,604,63,0,0
10628,19,24,4,0,0,125072.28,744,61,2,0
10629,69,12,1,1,0,109183.51,783,33,2,0
10630,64,85,1,1,1,107574.71,711,44,2,1
10631,46,3,4,1,0,126902.4,809,56,0,1
10632,22,101,5,1,0,36066.67,399,18,2,0
10633,75,15,5,1,1,31978.59,691,90,2,0
10634,28,3,2,0,0,43285.89,827,95,1,1
10635,67,116,3,1,1,85162.0,363,68,2,1
10636,25,11,5,1,0,130112.72,363,77,4,1
10637,75,61,4,0,0,3481.21,547,50,3,1
10638,39,43,1,0,0,92556.69,329,81,2,1
10639,24,100,4,1,0,10758.67,834,82,4,1
10640,36,113,1,1,1,126568.19,524,40,4,1
10641,27,54,3,0,1,44263.22,356,13,2,1
10642,20,118,2,0,0,35795.63,579,80,0,0
10643,47,90,4,0,1,77318.31,554,18,1,0
10644,64,94,1,1,0,42536.99,442,100,4,1
10645,20,21,6,1,1,77945.16,345,78,4,0
10646,42,54,5,0,0,73101.86,769,12,2,0
10647,67,15,5,0,0,138773.84,640,100,1,1
10648,48,17,3,1,1,62335.21,652,57,0,0
10649,67,92,4,0,0,121922.78,789,13,3,1
10650,53,106,4,1,1,52197.63,627,18,3,0
10651,74,74,3,0,0,110791.65,305,84,1,0
10652,61,22,4,0,1,79502.56,390,43,2,1
10653,71,76,6,0,0,138389.1,569,0,2,1
10654,58,106,3,1,1,77484.69,784,6,1,0
10655,23,89,1,0,1,24865.12,831,16,3,1
10656,63,78,3,1,1,64601.48,579,29,0,0
10657,67,16,6,1,0,121685.57,613,100,0,0
10658,66,29,3,0,0,64869.9,459,10,2,0
10659,42,79,2,0,1,5261.4,662,39,1,0
10660,63,103,2,0,1,76826.85,531,33,4,1
10661,57,117,1,1,1,69949.2,606,85,1,1
10662,72,52,6,1,0,5583.77,734,9,4,0
10663,59,17,5,1,1,131131.99,694,6,4,1
10664,21,89,5,1,1,80542.49,746,17,1,0
10665,47,71,1,1,1,2625.59,643,74,1,0
10666,52,110,5,1,1,56486.32,755,89,0,0
10667,32,109,6,1,0,16932.61,824,61,1,0
10668,66,56,6,1,1,138141.05,475,45,4,1
10669,21,46,6,0,1,57842.11,721,2,1,0
10670,47,25,5,0,1,56946.98,320,63,4,1
10671,41,54,3,1,0,21175.36,760,98,4,1
10672,43,84,3,0,1,119973.28,717,2,0,0
10673,20,96,3,0,1,141477.69,307,17,1,0
10674,43,1,4,0,1,94535.75,668,62,2,0
10675,39,115,5,0,1,147941.45,330,20,2,0
10676,18,14,5,0,1,79667.27,662,36,4,1
10677,41,78,1,0,1,81198.09,804,22,0,1
10678,58,8,5,1,1,38781.16,580,77,1,0
10679,64,89,1,0,1,44409.63,602,9,1,0
10680,23,81,4,0,0,149402.63,665,28,2,1
10681,71,70,2,0,1,6998.6,819,57,0,0
10682,49,55,5,0,0,51836.34,730,66,2,0
10683,40,107,5,0,1,57937.07,319,15,4,1
10684,74,40,1,0,0,19991.06,825,28,1,1
10685,66,74,2,1,0,102821.1,350,60,2,1
10686,29,42,3,0,1,40072.3,502,35,2,0
10687,68,47,1,1,0,68829.47,786,36,4,1
10688,22,56,4,1,0,81702.06,558,58,2,1
10689,68,117,2,0,1,133602.73,443,84,1,0
10690,22,19,3,0,0,92198.93,588,29,2,1
10691,24,2,2,1,1,65172.59,345,9,0,0
10692,31,95,6,0,0,148856.15,585,19,0,0
10693,68,31,3,1,0,126654.7,758,20,4,1
10694,25,16,2,0,1,51348.76,756,56,4,0
10695,67,100,2,0,0,140285.85,723,47,4,1
10696,68,80,2,0,1,80461.58,386,62,1,0
10697,48,54,3,1,0,130574.6,588,81,0,0
10698,34,53,6,1,1,55666.41,760,20,0,1
10699,35,107,2,0,1,23550.99,515,99,3,1
10700,61,88,6,1,0,45048.86,699,83,2,1
10701,20,97,6,1,0,106180.47,339,70,2,0
10702,19,18,1,1,0,132226.56,593,49,4,1
10703,69,60,4,0,0,90356.78,778,37,1,0
10704,32,68,5,0,0,17235.33,789,49,2,1
10705,63,26,3,0,0,38672.14,458,93,3,1
10706,28,33,4,0,1,124710.58,661,49,2,1
10707,49,8,3,1,0,105384.61,546,12,1,0
10708,52,94,2,1,0,43583.21,780,8,0,0
10709,48,71,4,1,1,31488.48,680,80,3,1
10710,61,107,2,0,1,76362.46,554,44,0,0
10711,56,66,3,0,0,139110.66,300,10,4,1
10712,31,20,2,0,0,111326.74,661,50,0,1
10713,32,105,6,1,1,108523.18,431,21,3,1
10714,31,25,1,1,1,106434.16,461,48,3,1
10715,65,89,3,0,1,74299.15,693,35,4,1
10716,75,16,1,0,1,41520.8,682,72,4,1
10717,19,44,1,0,0,86565.26,655,78,2,1
10718,45,20,4,1,1,55037.3,786,59,3,1
10719,28,116,2,1,0,33711.68,431,8,1,0
10720,31,42,6,0,1,5922.89,578,37,0,1
10721,53,19,1,0,0,18347.1,842,70,3,1
10722,25,91,6,1,0,40174.99,745,9,2,1
10723,64,106,1,0,1,95214.76,322,44,0,0
10724,24,100,2,0,1,20484.52,764,35,0,0
10725,25,89,5,1,0,42690.36,482,48,2,1
10726,42,32,5,1,1,11655.4,565,90,4,0
10727,53,12,5,1,1,17284.32,599,1,0,0
10728,37,108,2,1,1,120089.45,443,95,0,0
10729,59,94,3,1,1,96357.96,420,44,1,0
10730,74,63,1,1,0,117781.22,626,21,3,1
10731,69,37,3,1,0,35780.61,680,44,3,1
10732,65,51,4,0,0,131798.47,554,8,0,1
10733,21,84,6,0,1,11050.0,657,34,2,0
10734,71,51,2,0,0,138651.3,533,3,4,1
10735,31,47,3,0,0,67590.75,819,72,3,1
10736,57,63,2,0,1,116043.76,351,88,4,1
10737,74,28,6,1,0,114655.81,721,47,1,0
10738,50,97,3,0,0,82613.17,356,84,2,0
10739,28,70,2,1,0,68912.67,579,42,1,0
10740,63,97,5,0,0,72782.89,815,21,4,1
10741,21,95,5,1,0,91830.46,625,63,0,0
10742,42,115,3,1,0,130379.95,713,52,3,1
10743,61,27,1,1,0,78947.32,386,19,4,1
10744,42,59,4,0,0,17369.67,545,85,4,1
10745,58,10,1,1,1,128917.84,815,11,3,1
10746,63,119,5,0,0,52382.66,657,80,1,1
10747,59,39,3,0,0,141810.19,371,87,2,0
10748,35,27,1,1,0,63685.96,633,82,0,0
10749,54,99,4,0,1,93464.6,516,82,1,0
10750,50,12,1,0,0,18821.39,368,90,4,1
10751,44,44,1,1,1,1605.68,348,5,0,0
10752,55,73,6,0,0,79130.48,615,25,4,1
10753,59,9,3,0,1,9740.2,465,56,2,0
10754,34,87,3,1,0,88881.48,394,52,0,0
10755,75,83,4,1,1,19842.15,626,4,1,0
10756,34,3,2,0,1,94607.79,313,45,4,1
10757,59,68,1,1,1,20497.4,678,57,1,0
10758,50,66,4,0,1,67988.01,334,37,2,0
10759,19,28,1,0,0,125546.79,511,99,2,1
10760,23,16,1,0,1,8742.17,687,93,3,1
10761,46,11,5,0,0,34108.09,696,40,2,0
10762,66,1,2,1,1,67097.43,528,4,2,1
10763,45,23,3,0,0,89631.65,595,53,4,1
10764,66,22,4,0,1,83818.99,762,90,0,0
10765,33,13,5,1,0,140584.47,416,41,0,1
10766,56,84,6,0,1,139386.2,319,50,2,1
10767,31,108,2,0,0,15414.37,740,46,4,1
10768,57,43,6,0,1,66920.56,601,53,0,0
10769,40,88,2,0,0,65830.76,766,91,0,1
10770,70,92,5,0,0,10418.21,341,78,1,0
10771,25,113,1,0,1,126695.41,307,58,3,1
10772,59,98,5,1,0,51802.3,584,99,3,0
10773,68,115,2,1,1,108847.24,436,11,3,1
10774,73,93,1,1,1,30041.89,552,22,4,1
10775,34,55,1,1,0,99844.34,582,73,4,1
10776,47,20,2,0,1,129104.93,638,39,2,0
10777,62,89,3,0,0,75612.99,649,67,0,0
10778,40,3,3,0,0,44396.06,428,14,3,1
10779,49,99,4,0,0,84462.15,320,61,3,1
10780,20,87,6,1,1,107862.69,678,25,2,0
10781,36,4,5,0,0,8591.01,799,84,4,1
10782,23,84,5,0,1,128102.85,400,83,2,1
10783,35,108,5,0,0,108121.97,686,29,1,0
10784,67,61,6,1,1,105060.99,499,100,1,0
10785,32,1,6,1,1,95472.07,422,54,4,1
10786,25,57,4,0,0,9014.37,704,26,0,0
10787,24,45,5,0,1,70574.14,804,84,3,0
10788,50,119,1,1,0,41305.9,699,57,1,1
10789,41,12,6,1,1,127442.92,665,9,2,1
10790,45,103,1,0,1,136705.67,716,97,4,1
10791,62,53,4,1,1,48313.62,473,93,2,0
10792,56,50,1,1,0,1775.67,549,2,2,1
10793,51,42,2,1,0,65766.8,343,80,2,1
10794,54,70,2,1,1,80612.7,810,8,2,0
10795,46,81,4,0,1,113030.24,465,41,1,0
10796,72,90,5,1,0,9852.76,459,79,4,1
10797,64,43,3,1,1,78785.93,431,90,3,1
10798,28,34,5,0,1,133283.53,406,58,2,0
10799,64,110,2,0,0,13228.49,411,32,2,1
10800,50,27,3,0,1,105426.92,379,72,0,0
10801,33,60,1,1,0,49793.08,813,24,1,1
10802,33,77,1,1,1,44757.74,782,31,1,1
10803,45,53,2,0,1,3283.34,449,79,2,0
10804,29,73,4,0,0,86756.9,810,78,4,1
10805,37,114,1,0,1,33391.89,825,5,4,1
10806,51,60,2,1,1,36150.44,749,98,1,0
10807,51,92,6,0,0,103163.44,726,27,0,0
10808,44,94,3,1,0,89027.15,477,52,2,1
10809,62,108,1,0,1,46694.26,387,52,2,1
10810,71,14,3,1,1,89911.18,761,71,2,0
10811,46,57,2,1,0,40948.68,607,24,2,1
10812,60,73,2,1,1,22631.35,840,43,3,1
10813,19,87,2,0,0,110698.23,655,68,2,0
10814,56,108,4,0,0,109847.39,627,48,2,0
10815,36,97,1,1,1,148086.76,308,24,0,0
10816,75,89,3,0,0,14503.18,435,36,0,0
10817,33,2,2,1,1,129496.88,532,32,1,0
10818,18,25,6,1,0,55305.51,823,63,2,0
10819,66,58,6,1,0,118953.47,709,38,3,1
10820,34,86,5,0,1,98968.14,373,9,3,0
10821,29,109,1,1,1,129428.11,363,86,4,1
10822,68,41,2,1,1,116287.08,764,61,2,1
10823,52,106,1,1,0,130437.53,728,55,2,0
10824,50,100,6,1,0,72703.06,670,53,3,1
10825,68,22,4,1,0,56299.68,586,93,2,1
10826,46,106,3,1,1,56203.84,622,100,3,1
10827,54,21,2,0,1,93129.64,350,62,1,0
10828,55,3,4,1,1,19341.1,342,18,0,0
10829,34,98,5,1,1,97205.71,663,93,2,1
10830,75,33,5,0,0,95246.66,812,74,2,1
10831,24,27,6,1,1,17256.55,620,93,4,1
10832,71,26,6,0,1,123018.62,593,19,3,0
10833,28,17,1,0,0,60716.85,681,52,3,1
10834,42,47,4,1,1,145663.98,309,75,0,1
10835,65,80,2,0,1,17556.41,750,62,2,1
10836,41,117,4,0,0,20883.33,629,40,2,0
10837,73,116,2,1,0,27820.55,375,69,0,0
10838,26,116,2,1,0,109933.26,823,45,0,0
10839,47,6,1,0,1,105342.53,592,70,1,0
10840,75,67,5,0,1,64402.2,367,46,1,1
10841,70,25,3,0,1,93709.87,609,89,1,0
10842,49,69,4,1,0,141122.15,444,34,0,0
10843,54,27,6,1,0,93543.65,526,76,0,0
10844,55,80,3,1,0,137724.17,387,57,4,1
10845,65,95,2,0,0,131897.17,763,58,3,1
10846,72,61,4,0,0,64992.94,654,67,3,1
10847,43,97,3,0,0,28592.7,751,43,4,1
10848,52,65,2,0,1,124647.34,339,54,4,1
10849,67,99,2,1,0,89079.92,418,94,0,1
10850,39,3,1,1,1,72632.78,459,34,1,0
10851,55,31,2,0,1,18682.39,460,76,3,1
10852,42,75,4,0,1,64042.85,567,9,3,1
10853,73,50,1,1,1,28691.6,717,76,2,1
10854,24,50,4,1,1,110455.41,440,31,2,1
10855,33,97,1,0,0,15676.15,328,81,0,0
10856,30,92,5,0,0,130912.15,736,76,3,0
10857,36,48,3,0,0,132611.1,500,21,4,1
10858,74,21,3,1,1,84846.37,584,10,3,1
10859,68,89,1,0,0,81717.39,345,99,2,1
10860,40,50,3,1,1,12540.16,697,14,3,0
10861,41,116,5,1,1,21943.04,831,97,4,1
10862,43,63,2,0,1,23900.8,628,39,2,0
10863,33,35,2,1,0,20424.56,401,53,0,1
10864,18,80,6,1,0,29972.03,700,13,3,1
10865,36,40,5,1,1,24412.65,328,38,3,0
10866,48,87,2,1,1,110862.67,812,18,1,0
10867,19,88,4,0,1,147516.56,804,79,0,0
10868,51,14,4,0,0,104434.78,377,38,1,0
10869,44,18,5,0,0,99786.83,380,49,2,0
10870,32,16,6,1,0,16989.47,781,45,4,1
10871,38,74,6,1,1,41565.03,337,42,1,0
10872,51,70,2,1,1,107685.48,573,56,1,0
10873,34,83,3,0,0,67578.51,547,52,2,0
10874,58,67,1,1,1,7710.34,537,91,2,1
10875,30,115,2,1,0,12896.41,705,68,4,1
10876,52,38,5,1,0,86974.99,394,85,3,1
10877,46,116,5,0,1,95992.87,666,42,4,1
10878,18,10,1,0,1,83377.93,432,29,4,1
10879,45,10,5,1,1,73362.41,478,16,0,0
10880,22,105,5,1,1,19203.51,525,44,4,0
10881,55,34,6,1,1,72058.91,518,62,3,0
10882,41,113,1,0,0,93273.97,683,49,1,0
10883,33,71,5,0,1,44179.94,474,6,4,1
10884,57,50,3,0,1,23413.31,496,77,3,1
10885,45,44,1,1,0,87069.16,353,23,4,1
10886,22,109,4,1,1,58381.69,820,92,4,1
10887,18,74,2,1,0,19046.81,645,73,1,0
10888,66,120,6,1,0,67061.55,424,55,3,0
10889,40,23,1,1,0,88241.29,691,54,2,1
10890,22,38,3,1,0,105398.14,842,6,3,1
10891,51,1,1,0,0,84763.25,425,11,1,1
10892,38,94,5,0,1,92317.64,731,94,4,1
10893,36,50,1,0,1,26927.68,802,25,3,1
10894,56,100,6,1,0,31844.86,635,13,4,1
10895,70,39,5,1,0,100522.87,322,3,4,1
10896,45,7,4,0,1,54847.06,567,80,2,0
10897,64,63,4,0,1,20942.98,353,84,1,0
10898,20,4,6,1,0,47388.35,423,6,4,1
10899,33,118,3,1,1,91150.09,536,100,0,0
10900,43,52,3,1,1,100156.46,769,62,3,1
10901,51,62,1,0,0,58897.41,325,73,4,1
10902,48,30,2,0,1,33628.58,746,89,4,1
10903,62,12,5,1,1,62814.16,438,76,4,1
10904,69,36,3,0,1,120880.71,543,29,1,0
10905,56,118,6,0,0,88656.97,663,67,1,0
10906,69,65,2,0,0,91359.54,742,81,0,0
10907,45,49,3,1,0,105722.87,448,47,1,0
10908,25,47,4,0,1,66090.65,843,23,4,1
10909,48,65,5,1,1,25399.57,637,27,0,0
10910,63,26,1,0,0,107535.37,385,40,2,0
10911,48,32,3,1,1,18180.43,466,81,1,0
10912,45,107,6,0,1,462.51,457,96,2,1
10913,54,29,2,0,1,32770.08,530,5,2,1
10914,19,77,6,0,0,78534.55,691,15,2,0
10915,29,62,5,0,0,89523.51,612,63,2,1
10916,61,53,5,0,1,42301.22,565,73,3,0
10917,39,21,5,1,0,71823.77,799,35,2,1
10918,54,119,2,0,0,47564.23,335,44,0,0
10919,20,87,2,1,1,99203.18,670,24,3,1
10920,40,27,6,1,1,52596.4,664,71,1,0
10921,32,78,2,0,0,85874.76,525,76,2,0
10922,23,116,1,1,0,109841.55,325,36,1,1
10923,21,80,6,0,0,38419.3,771,83,2,1
10924,25,77,2,0,1,48481.12,311,35,1,0
10925,22,78,4,0,1,32662.74,437,14,2,1
10926,48,22,6,0,0,38467.41,648,2,0,0
10927,59,111,1,1,1,88379.42,724,83,0,0
10928,31,61,6,0,0,83322.21,313,12,1,0
10929,61,47,2,0,1,148560.99,529,82,1,0
10930,23,1,4,0,1,17062.09,349,0,3,1
10931,49,49,5,0,0,2176.64,708,3,4,1
10932,61,103,5,1,0,105774.44,330,57,1,0
10933,56,60,6,0,1,32761.24,754,55,2,0
10934,31,61,6,0,0,116216.59,513,80,4,1
10935,73,50,1,1,1,41489.49,731,41,3,1
10936,37,91,1,1,0,101070.04,448,39,2,1
10937,33,60,1,0,0,82314.85,309,16,1,0
10938,57,76,5,0,0,51900.85,807,87,4,1
10939,19,60,4,0,1,71394.11,796,52,0,0
10940,61,46,2,0,0,65373.68,307,8,3,1
10941,70,103,6,1,1,50604.34,823,79,4,1
10942,54,27,3,0,0,115620.42,339,8,4,1
10943,50,93,3,1,1,127503.35,516,4,2,0
10944,27,29,1,0,0,61511.7,410,34,0,0
10945,24,8,2,0,1,102347.15,487,1,1,0
10946,18,93,2,0,0,148778.9,711,77,2,1
10947,18,91,3,1,1,66570.84,483,75,4,1
10948,75,44,2,0,0,73961.83,629,65,2,0
10949,30,5,5,1,1,36392.1,390,28,2,1
10950,63,57,2,0,1,96024.43,781,38,3,1
10951,44,24,2,0,0,52019.75,477,80,1,1
10952,32,92,1,1,1,86845.04,651,88,3,1
10953,46,30,4,1,0,49712.81,488,91,1,1
10954,70,95,5,1,1,72437.09,797,52,2,1
10955,58,111,5,0,1,28038.32,629,30,3,1
10956,63,13,1,0,1,149365.54,632,18,3,1
10957,43,21,3,1,1,124856.69,712,71,0,1
10958,23,7,3,0,0,80070.35,768,20,0,0
10959,26,83,1,1,1,99205.8,731,81,3,1
10960,72,95,1,1,0,80138.18,540,69,0,0
10961,46,52,2,1,1,76679.94,530,91,2,0
10962,63,106,2,0,1,42712.33,774,34,4,1
10963,41,47,1,0,1,119999.73,703,42,1,0
10964,55,27,2,1,0,137933.69,706,54,0,0
10965,42,40,6,0,0,133421.15,460,24,4,1
10966,59,70,4,0,1,134346.29,560,62,4,1
10967,26,89,1,1,0,9222.41,485,9,0,0
10968,31,106,6,1,1,84929.72,472,8,1,0
10969,32,25,5,1,0,142913.68,633,10,3,1
10970,31,66,1,1,0,100175.91,331,56,4,1
10971,66,22,1,0,1,34502.03,625,9,0,0
10972,45,6,2,0,1,66680.13,673,30,0,0
10973,36,28,2,0,0,46388.47,529,5,1,0
10974,64,108,5,0,0,136065.95,620,66,2,1
10975,70,29,1,1,0,22494.95,576,51,3,1
10976,35,74,3,0,1,31965.9,533,28,1,0
10977,53,101,2,0,0,7732.36,380,95,1,0
10978,64,1,2,0,1,26446.56,403,52,1,0
10979,41,69,1,0,0,7233.79,352,89,2,1
10980,53,118,5,0,1,37021.98,757,11,4,1
10981,62,33,6,0,1,72761.59,423,58,4,1
10982,67,30,1,1,1,104466.73,553,94,0,0
10983,63,79,5,0,1,53312.47,325,19,3,0
10984,63,112,3,1,1,112991.7,446,49,2,1
10985,63,95,6,0,0,84362.47,453,98,4,1
10986,19,32,4,1,1,58636.71,415,26,0,0
10987,67,16,1,0,0,27840.03,355,17,1,0
10988,30,23,6,1,1,68191.74,462,61,0,0
10989,49,47,5,1,1,23721.21,704,11,2,1
10990,26,101,3,1,1,32589.96,524,45,0,0
10991,42,51,4,1,1,136628.54,589,52,0,0
10992,29,9,4,0,1,45549.05,609,66,4,1
10993,28,119,6,0,0,142434.75,527,47,2,0
10994,27,108,1,0,0,55666.81,302,63,1,0
10995,43,75,6,1,0,42652.26,371,89,0,0
10996,19,116,6,0,0,19958.17,842,24,2,1
10997,75,106,4,1,1,26107.07,464,6,1,1
10998,45,105,2,1,0,149004.5,637,56,3,0
10999,39,39,3,1,1,69055.54,679,80,4,1
11000,37,71,5,1,0,47479.49,521,58,1,0
11001,28,8,3,1,0,44359.71,352,76,3,1
11002,74,2,4,1,1,24424.55,394,13,3,1
11003,46,97,4,0,0,19996.32,536,67,1,0
11004,50,52,1,0,0,35427.27,641,3,4,1
11005,44,92,3,1,0,34292.14,380,1,4,1
11006,55,44,4,0,1,24014.06,572,54,0,0
11007,45,48,5,1,0,9476.34,828,60,0,0
11008,44,35,5,0,0,26015.16,634,42,4,1
11009,63,79,1,0,1,16300.15,785,42,2,1
11010,68,107,2,1,0,91539.18,358,93,4,1
11011,63,10,4,1,1,40043.83,375,47,0,0
11012,34,58,3,0,1,60792.33,704,11,0,0
11013,45,26,4,1,1,57916.29,403,63,4,1
11014,46,58,6,0,0,146328.11,790,36,0,0
11015,32,26,5,0,0,146040.59,455,73,4,1
11016,67,9,2,1,0,89288.05,612,21,3,0
11017,19,95,4,1,1,141134.82,427,32,0,0
11018,71,110,1,1,1,40670.22,750,80,3,0
11019,75,100,4,1,1,55086.83,720,84,2,0
11020,32,23,3,0,0,26005.38,709,26,0,0
11021,44,66,5,1,1,74490.75,387,79,0,0
11022,21,30,5,0,0,84731.1,676,99,1,0
11023,20,107,2,0,0,65050.15,764,48,0,0
11024,52,27,2,1,0,70201.61,672,47,0,0
11025,56,61,1,0,0,44193.53,725,79,3,1
11026,31,105,3,0,1,136668.6,309,23,0,0
11027,38,68,1,0,1,91173.83,424,39,3,1
11028,28,63,5,0,0,109261.76,618,93,1,0
11029,60,67,4,1,0,36592.29,357,77,3,1
11030,75,52,3,0,0,124397.66,364,15,2,0
11031,19,40,4,1,1,21694.72,657,87,1,0
11032,18,16,5,0,0,83963.69,769,91,1,0
11033,22,21,1,0,1,31426.25,367,49,4,1
11034,44,120,1,0,1,111367.59,518,90,1,0
11035,23,92,1,1,1,129873.81,643,100,3,0
11036,44,49,4,1,0,97373.85,487,64,2,1
11037,34,47,3,1,0,131907.32,800,85,2,0
11038,44,52,1,0,0,116162.88,780,33,1,0
11039,63,2,1,1,0,49553.3,534,40,4,1
11040,20,76,3,1,1,7784.88,548,90,3,1
11041,58,61,3,1,0,113142.03,534,53,2,0
11042,63,20,5,0,1,124280.12,483,71,1,0
11043,31,13,3,1,1,41833.14,818,3,3,1
11044,63,8,2,0,1,39399.82,481,93,0,1
11045,65,96,6,0,1,7876.05,482,41,0,0
11046,72,28,6,1,1,17352.43,642,37,2,0
11047,74,120,6,1,1,33675.08,600,86,0,0
11048,44,50,6,0,1,86648.36,508,9,1,0
11049,27,40,5,0,0,9198.99,661,21,2,0
11050,49,8,4,1,1,99293.05,674,66,1,1
11051,71,64,5,0,1,113128.69,498,91,2,0
11052,52,94,2,0,0,73090.55,786,21,3,1
11053,20,77,1,0,1,17470.23,806,77,0,1
11054,22,112,4,0,1,77599.47,445,72,4,1
11055,57,20,5,1,0,51864.12,380,81,4,1
11056,75,53,3,1,0,131452.34,557,26,2,1
11057,27,104,3,1,1,673.73,447,71,3,0
11058,39,45,1,1,0,84726.32,529,63,1,0
11059,49,19,2,0,1,90324.51,351,15,1,0
11060,49,52,2,1,1,4346.22,640,2,2,1
11061,62,12,4,1,1,140146.2,723,98,2,1
11062,52,40,3,0,0,127100.64,500,37,1,0
11063,55,21,4,1,1,101893.07,725,32,2,1
11064,32,4,2,1,0,4968.91,337,47,2,1
11065,27,118,3,1,1,36052.2,321,20,3,0
11066,69,14,5,0,1,34284.75,744,80,4,1
11067,28,66,5,0,1,120702.18,461,79,4,1
11068,70,26,1,0,1,76920.6,442,7,1,0
11069,47,64,3,0,0,27946.85,660,52,0,0
11070,50,56,2,0,0,72450.47,603,82,4,1
11071,23,98,4,1,1,14638.79,534,26,4,1
11072,68,75,2,0,0,12162.69,459,39,0,1
11073,49,82,3,0,1,17411.63,332,35,4,0
11074,23,116,2,0,1,123508.77,310,7,3,1
11075,62,32,1,0,0,105269.14,606,79,2,1
11076,28,55,6,1,1,134202.77,393,76,3,0
11077,66,79,5,1,1,38523.01,640,13,0,0
11078,72,69,2,0,0,108667.64,675,19,3,0
11079,73,66,3,0,1,89597.72,327,12,2,0
11080,48,62,6,0,1,135721.88,350,36,3,1
11081,36,102,2,0,1,35584.56,512,60,0,0
11082,31,78,1,1,0,61864.56,394,61,1,1
11083,41,68,3,0,1,51814.62,817,83,0,0
11084,22,11,2,0,0,96925.26,571,35,3,1
11085,44,89,1,1,1,4645.13,379,73,1,0
11086,59,76,2,0,1,64776.93,722,40,2,1
11087,51,74,5,0,1,124030.45,531,26,3,1
11088,29,109,4,1,1,84406.93,469,39,1,1
11089,52,61,1,0,0,107860.6,780,19,2,0
11090,46,74,4,0,0,17746.66,830,99,4,1
11091,29,42,5,0,1,117084.89,394,97,4,1
11092,23,7,6,1,1,43499.35,761,27,4,1
11093,62,57,1,1,1,127289.89,567,54,1,0
11094,49,105,2,1,1,101720.42,313,71,3,0
11095,74,6,5,0,0,1869.36,369,38,2,1
11096,71,28,1,0,1,123484.63,640,85,4,1
11097,34,56,2,1,0,20804.31,610,60,4,1
11098,45,49,3,0,0,67020.58,718,95,2,1
11099,69,114,3,1,1,1133.71,440,100,1,0
11100,23,77,1,0,0,122609.84,471,13,0,1
11101,52,35,2,0,1,84166.03,619,13,1,0
11102,45,103,2,0,1,117413.63,601,55,1,0
11103,54,62,4,0,0,142194.45,529,96,0,0
11104,34,58,1,0,1,44459.55,770,68,1,0
11105,19,38,5,0,0,8223.48,324,26,3,1
11106,52,108,6,1,0,87520.28,327,92,0,1
11107,39,27,1,1,0,73902.92,813,98,0,0
11108,50,116,2,0,1,127398.26,664,89,2,1
11109,59,10,5,1,1,27096.33,621,69,1,0
11110,49,104,3,1,0,58739.04,839,17,0,0
11111,75,17,4,1,0,136917.52,572,81,3,1
11112,43,114,5,0,1,140936.69,471,41,4,1
11113,35,45,2,1,1,99946.85,828,84,2,1
11114,57,52,6,0,0,88682.24,792,16,3,1
11115,53,17,2,0,1,120574.37,840,3,3,0
11116,19,4,2,1,1,43777.71,772,66,2,1
11117,63,98,4,0,0,10346.43,452,8,1,0
11118,31,46,3,0,0,112805.51,399,60,3,1
11119,48,17,1,0,0,49391.56,810,4,0,0
11120,70,114,1,1,0,9056.49,768,19,1,0
11121,69,120,3,0,0,90213.14,663,88,2,0
11122,42,78,6,0,1,58852.47,399,51,4,1
11123,20,71,1,0,1,108418.09,447,42,1,0
11124,31,76,4,0,0,95666.8,727,5,1,0
11125,25,111,1,0,0,52578.26,433,69,4,1
11126,23,91,6,0,1,14714.25,524,69,2,1
11127,71,62,5,0,1,89701.1,645,0,1,0
11128,57,107,4,0,1,30526.18,600,2,4,1
11129,75,43,6,0,0,49640.93,476,99,4,1
11130,40,46,4,0,1,18761.16,786,63,0,0
11131,21,6,1,1,0,45508.78,347,19,0,1
11132,30,19,2,0,0,108582.76,548,59,0,0
11133,53,102,3,1,1,98970.77,831,86,0,0
11134,29,78,2,1,1,111990.31,685,70,3,0
11135,71,116,6,0,1,136855.48,365,65,3,1
11136,20,73,4,0,1,51704.36,304,21,0,0
11137,37,27,4,0,0,68583.81,837,30,0,0
11138,55,118,1,0,0,4850.99,634,17,4,1
11139,40,120,5,0,1,139254.25,705,26,1,0
11140,69,55,4,0,1,100550.29,426,68,4,1
11141,24,97,1,1,0,2472.64,723,14,3,0
11142,19,60,2,1,0,40296.81,498,54,1,0
11143,49,33,2,1,1,61048.09,469,23,0,0
11144,56,92,6,0,1,71099.6,464,67,2,1
11145,35,1,6,0,0,107803.02,527,89,0,0
11146,39,54,3,1,1,7323.11,722,99,1,1
11147,65,115,4,1,1,64577.43,396,73,4,1
11148,43,48,4,0,1,104893.88,416,0,4,1
11149,28,76,2,0,0,98942.03,322,18,0,1
11150,35,22,4,0,0,121615.73,497,4,0,0
11151,26,3,6,0,0,80473.31,398,85,3,1
11152,69,61,1,1,1,142030.11,405,37,2,1
11153,30,4,2,1,1,31887.41,814,87,4,1
11154,29,1,3,0,1,56328.38,631,45,0,1
11155,59,38,3,1,1,5027.98,411,51,4,1
11156,35,46,4,1,1,137287.81,343,48,4,1
11157,27,12,6,1,1,121935.43,789,55,2,0
11158,59,71,3,1,1,3891.35,402,66,4,1
11159,33,42,2,0,1,60461.87,304,5,2,1
11160,45,34,3,0,1,67008.86,509,3,3,1
11161,67,72,1,0,0,122632.66,580,70,4,1
11162,28,65,4,0,0,36901.64,646,93,0,0
11163,66,105,1,1,0,7140.09,384,87,0,0
11164,53,22,1,0,1,67638.79,414,68,0,0
11165,53,75,4,1,0,99995.29,519,24,3,1
11166,35,64,6,1,0,5503.59,315,5,1,0
11167,35,18,1,1,1,26754.89,570,40,1,0
11168,37,54,6,1,1,55733.87,466,31,4,1
11169,44,28,3,1,0,61609.81,502,69,1,0
11170,60,81,2,1,1,143087.42,313,71,4,1
11171,73,120,5,1,0,126891.99,666,23,0,0
11172,52,67,1,0,1,58808.98,591,98,3,0
11173,71,44,3,1,0,35101.62,838,31,0,0
11174,21,25,6,1,0,18245.53,788,90,0,1
11175,50,119,3,0,1,21614.92,787,93,0,0
11176,73,82,3,0,1,71696.61,457,32,3,0
11177,28,79,3,0,1,19988.01,482,56,3,1
11178,50,53,3,1,0,140323.79,326,80,1,0
11179,52,80,3,0,0,49643.54,721,17,1,0
11180,56,81,2,0,1,3965.47,558,1,3,0
11181,52,44,4,0,0,133701.27,401,83,2,1
11182,42,80,2,0,1,78658.95,538,5,1,0
11183,64,13,1,0,0,77827.67,465,26,2,1
11184,65,93,6,0,1,60638.09,727,43,4,1
11185,19,22,6,0,1,15549.08,821,20,0,1
11186,25,80,1,0,1,53091.31,565,48,1,0
11187,63,102,6,1,0,100771.53,547,82,1,0
11188,58,17,4,1,0,59240.99,586,39,4,1
11189,73,5,6,1,1,96533.17,703,62,1,0
11190,53,100,2,1,0,46797.86,815,64,1,0
11191,72,22,4,1,0,58736.82,380,59,1,1
11192,56,18,1,1,0,13325.11,384,96,0,0
11193,29,23,4,1,1,128572.94,418,10,0,0
11194,57,10,5,0,0,5213.09,593,40,0,0
11195,51,64,3,1,1,133633.31,756,77,4,1
11196,51,26,5,1,1,46489.83,776,59,0,0
11197,28,59,4,1,1,47353.33,653,10,4,1
11198,66,80,2,1,0,99428.7,405,83,3,1
11199,38,51,2,1,1,82931.81,490,100,2,0
11200,58,93,3,1,0,97594.21,626,93,0,0
11201,59,46,3,1,0,97172.1,663,94,2,1
11202,66,20,6,0,0,116628.43,526,64,1,1
11203,53,119,3,0,1,116798.86,351,7,2,0
11204,72,116,2,0,0,116604.67,501,15,2,0
11205,35,74,3,1,0,127078.3,509,65,2,1
11206,38,66,1,1,1,97723.88,562,90,3,0
11207,37,71,1,0,1,29990.46,719,51,0,0
11208,33,64,5,0,0,123555.53,742,56,1,0
11209,69,114,6,1,1,123644.95,492,3,4,1
11210,47,111,1,1,1,34443.62,731,100,2,1
11211,42,108,3,0,1,30640.4,721,29,0,0
11212,31,95,5,1,1,103241.08,520,70,0,0
11213,27,73,5,1,1,23998.59,306,28,0,0
11214,21,9,1,0,1,78824.18,623,51,0,0
11215,65,18,5,0,0,88715.39,825,17,4,1
11216,50,34,1,0,1,69587.48,467,91,0,1
11217,67,26,2,0,1,5795.52,509,18,4,1
11218,50,44,5,1,1,88891.18,809,0,0,0
11219,24,13,6,0,1,37278.56,566,19,3,0
11220,19,32,6,0,0,113621.28,741,53,3,0
11221,58,99,1,1,0,3067.32,328,97,4,1
11222,49,46,5,0,1,21622.63,814,43,0,0
11223,18,94,3,1,0,8696.29,559,70,2,1
11224,28,85,3,0,0,25170.14,739,75,0,1
11225,66,112,1,0,0,29041.51,822,81,0,0
11226,55,100,4,0,0,68792.81,336,7,2,0
11227,23,8,4,1,0,99336.53,541,43,2,0
11228,20,34,2,1,1,45981.4,610,29,4,1
11229,20,101,5,0,0,113571.0,519,36,4,1
11230,70,50,1,0,1,70306.6,350,32,2,0
11231,53,100,2,1,0,120134.94,738,24,2,1
11232,30,114,5,0,1,107632.18,325,9,4,0
11233,37,79,2,1,0,54528.12,649,81,0,0
11234,18,95,2,0,1,44728.39,682,5,0,0
11235,45,47,2,1,0,6885.62,730,48,0,0
11236,36,23,3,1,0,13587.44,304,51,1,0
11237,42,60,5,0,0,120019.93,490,12,3,1
11238,24,113,1,1,0,141998.86,575,78,1,0
11239,65,44,6,0,0,31722.8,561,54,1,0
11240,52,56,4,1,1,95535.27,551,13,3,1
11241,70,88,2,0,1,12819.34,759,24,3,1
11242,30,106,1,0,0,107676.33,453,89,0,0
11243,60,8,3,0,0,117554.7,468,50,3,1
11244,41,67,5,1,0,105903.15,366,100,3,1
11245,71,116,2,1,1,148609.35,482,45,2,1
11246,61,59,3,1,1,117052.7,671,68,3,0
11247,37,96,2,1,0,4292.78,811,75,4,1
11248,41,108,6,0,0,91408.65,399,45,4,1
11249,45,39,2,0,1,116744.76,526,30,1,0
11250,34,7,6,1,0,35708.16,758,42,3,1
11251,70,68,3,0,1,20887.78,404,71,3,1
11252,42,32,6,0,0,118268.44,402,81,3,1
11253,64,57,2,1,1,71436.89,724,26,2,0
11254,75,73,1,1,0,121973.54,575,38,0,0
11255,72,67,1,1,0,37628.35,495,28,1,1
11256,21,50,1,1,1,5069.89,432,33,4,1
11257,64,23,4,0,0,117827.1,548,12,0,0
11258,35,83,4,1,0,11971.59,332,84,2,0
11259,56,58,4,0,1,11663.1,647,44,0,0
11260,49,84,6,1,1,83877.62,546,34,2,0
11261,25,21,4,0,1,42437.42,622,20,4,1
11262,30,12,6,0,0,116347.28,621,6,2,0
11263,21,65,1,1,1,34172.71,756,58,2,1
11264,51,94,2,1,1,53532.71,499,45,1,0
11265,44,7,4,1,0,107825.09,314,48,0,0
11266,56,78,3,0,1,31462.41,405,42,3,0
11267,67,13,2,0,0,73703.89,390,90,2,1
11268,27,2,1,1,1,39661.71,416,97,4,1
11269,51,50,6,0,0,136995.05,614,2,3,1
11270,53,74,5,0,1,13229.64,495,80,0,0
11271,46,18,5,0,0,25938.58,635,19,2,1
11272,69,27,1,1,1,69235.03,814,47,3,1
11273,42,74,3,0,1,29011.31,434,46,4,1
11274,63,35,5,1,1,65819.09,829,28,1,0
11275,30,4,1,0,1,2288.34,425,85,3,1
11276,29,4,5,1,1,93793.72,832,0,0,0
11277,68,40,5,1,1,144373.76,518,31,1,0
11278,53,6,1,1,0,126909.01,702,69,4,1
11279,61,90,3,0,1,90801.17,515,53,3,0
11280,25,10,1,0,1,133940.95,458,25,0,1
11281,67,47,2,0,1,103529.36,743,62,2,1
11282,62,15,4,0,0,97626.06,508,100,0,0
11283,68,35,4,0,0,41701.3,376,72,1,0
11284,27,116,5,0,0,2392.95,787,60,0,0
11285,29,33,1,0,1,95597.47,837,92,4,1
11286,67,19,2,1,1,42675.64,739,30,1,0
11287,71,11,4,1,1,100552.17,551,31,3,1
11288,39,114,3,1,0,92426.01,483,77,1,0
11289,49,116,1,0,1,7142.14,495,58,2,1
11290,35,24,2,1,0,126580.57,359,79,0,0
11291,26,88,6,1,1,15912.04,354,10,3,1
11292,55,70,3,1,1,15837.35,691,4,0,0
11293,21,24,4,0,1,130131.44,434,41,2,1
11294,37,17,3,1,0,42632.14,695,92,0,0
11295,66,76,6,0,1,82849.23,434,20,0,0
11296,21,89,5,0,0,82700.62,382,68,2,1
11297,52,107,5,0,0,4457.73,674,22,3,1
11298,24,38,1,0,1,59278.85,745,91,4,1
11299,67,108,6,1,1,89482.12,843,46,1,0
11300,53,54,4,0,0,37024.31,314,17,4,1
11301,34,44,5,1,0,148069.58,315,92,2,0
11302,45,104,5,1,1,80533.8,742,21,3,1
11303,34,22,5,0,1,106880.83,521,41,1,0
11304,19,19,6,0,0,55489.53,596,97,0,0
11305,51,39,5,1,0,55731.97,624,56,0,0
11306,51,85,6,0,0,24417.95,586,77,3,1
11307,34,25,3,0,1,87704.28,405,96,3,1
11308,57,47,2,0,0,95268.53,847,38,4,1
11309,26,68,5,0,0,110796.92,377,53,1,0
11310,43,94,6,1,0,91559.13,665,40,3,1
11311,37,8,5,1,0,148772.37,814,48,3,0
11312,54,112,2,0,0,6265.17,543,10,1,0
11313,55,43,1,0,0,72295.87,805,12,1,0
11314,27,58,1,1,0,36424.61,393,31,1,0
11315,58,69,1,0,1,144485.67,567,35,2,1
11316,70,84,1,0,1,4228.91,454,47,2,1
11317,64,89,6,0,0,24014.0,531,99,2,0
11318,18,19,1,1,1,122986.63,426,3,0,0
11319,25,91,4,0,1,117092.98,470,28,0,0
11320,34,71,2,1,1,56233.66,300,46,1,0
11321,69,79,3,0,0,41275.5,816,5,0,0
11322,28,45,1,1,0,84901.05,401,56,0,0
11323,52,18,1,1,0,74516.39,733,2,2,0
11324,20,40,5,0,0,122054.88,721,13,1,0
11325,39,98,6,0,0,77189.88,466,36,0,0
11326,24,77,2,0,0,58573.45,718,22,0,0
11327,19,85,6,0,0,52274.06,736,46,4,1
11328,19,22,3,1,1,18367.63,522,82,3,0
11329,69,116,1,1,0,59545.1,502,17,2,1
11330,67,4,2,1,1,98846.96,621,5,2,0
11331,44,62,3,0,1,15671.29,614,13,3,0
11332,49,57,4,1,0,145817.14,367,16,1,0
11333,23,110,4,1,1,117172.38,518,43,0,0
11334,75,48,3,0,1,138731.48,578,0,3,1
11335,55,45,4,0,0,40576.45,589,98,1,0
11336,63,21,6,0,0,50958.7,734,11,0,0
11337,71,15,5,1,0,120248.07,656,73,0,0
11338,42,12,2,0,1,4706.4,515,21,0,0
11339,47,41,5,0,0,138211.18,699,46,3,1
11340,25,75,3,1,0,25048.86,765,50,3,1
11341,63,66,6,0,1,97182.21,507,11,0,0
11342,21,88,3,0,0,13654.2,566,70,0,0
11343,28,45,5,0,1,52746.79,431,21,1,0
11344,61,100,6,1,1,141416.4,471,54,2,1
11345,75,26,1,0,1,54092.62,378,15,1,0
11346,34,116,3,0,0,3459.03,393,76,3,1
11347,73,47,1,1,1,128553.99,836,16,4,1
11348,56,79,1,0,0,98936.57,508,30,3,1
11349,55,34,3,0,0,48578.97,777,40,0,0
11350,20,15,6,1,0,86299.34,420,88,1,0
11351,30,98,5,0,0,3810.5,723,88,0,0
11352,52,93,4,0,0,117345.75,799,97,2,0
11353,50,58,6,0,0,117743.88,809,43,0,0
11354,54,10,2,1,1,104453.42,673,67,4,1
11355,18,12,2,1,0,27048.16,513,3,2,1
11356,55,45,5,0,1,60165.45,748,92,1,0
11357,30,7,5,1,1,146654.14,773,25,0,0
11358,62,9,6,1,1,148072.69,388,100,3,1
11359,58,47,1,0,1,136855.9,754,66,0,0
11360,20,51,6,1,0,99934.66,378,94,1,0
11361,40,78,1,0,0,114822.68,516,65,3,0
11362,29,87,5,1,1,142440.13,494,93,1,1
11363,43,66,6,1,0,5418.82,420,31,2,0
11364,50,60,4,0,1,100247.92,563,70,0,0
11365,75,100,1,0,0,62376.04,473,6,3,1
11366,38,68,4,0,1,38418.57,337,1,2,0
11367,55,6,4,0,0,101159.44,796,90,2,0
11368,27,13,5,1,0,105437.51,652,37,1,0
11369,56,88,4,1,1,71923.48,809,4,1,0
11370,71,3,1,1,1,112358.44,362,70,2,1
11371,34,33,5,1,1,118914.27,495,34,2,1
11372,63,35,3,1,1,65910.52,415,26,3,0
11373,68,23,5,1,1,147487.27,419,42,3,1
11374,49,78,2,0,1,60168.45,657,59,0,0
11375,32,83,3,0,1,100309.29,548,84,1,0
11376,40,10,4,0,1,106768.19,498,9,4,1
11377,58,88,3,0,1,7988.31,601,19,0,0
11378,27,28,5,0,1,127173.35,608,8,3,1
11379,68,31,1,0,0,20399.85,557,53,3,1
11380,53,2,4,0,0,19773.1,780,99,2,1
11381,72,43,1,1,0,108494.12,815,75,0,0
11382,49,73,1,1,0,29100.36,846,95,0,0
11383,60,64,6,1,0,144469.25,488,35,2,0
11384,42,44,6,1,0,26817.18,463,15,2,0
11385,66,60,6,1,0,48964.25,367,71,2,1
11386,52,69,3,1,1,60211.91,527,75,3,1
11387,31,11,2,1,1,97710.08,597,2,3,1
11388,65,17,5,0,0,100811.02,370,47,3,1
11389,71,6,1,0,1,95136.62,339,92,1,1
11390,19,82,4,1,1,100611.53,654,16,0,0
11391,59,92,5,0,0,96318.96,804,45,1,0
11392,43,42,1,1,0,130040.67,537,31,0,0
11393,20,33,6,0,1,73034.01,850,94,3,0
11394,68,90,5,0,0,34812.81,312,11,3,1
11395,63,64,2,0,1,68980.82,599,94,1,0
11396,64,38,2,0,1,9999.13,397,11,4,1
11397,64,61,1,1,0,100750.2,752,59,0,0
11398,67,29,3,0,1,70788.16,564,100,4,1
11399,32,67,6,0,0,5270.19,461,73,4,1
11400,21,104,3,1,1,82560.34,809,2,3,0
11401,49,93,3,0,1,24290.59,379,24,3,0
11402,23,13,2,1,1,23548.39,542,86,4,0
11403,58,103,1,1,1,118387.74,811,95,1,0
11404,55,99,3,0,1,143162.15,378,57,4,1
11405,24,29,2,0,1,106762.2,390,96,3,0
11406,44,104,4,1,1,73112.11,563,41,0,0
11407,53,74,6,1,0,135721.6,831,70,2,0
11408,56,34,5,1,1,15937.7,541,94,2,1
11409,69,30,6,0,0,137464.07,404,95,4,1
11410,72,40,5,0,1,87106.32,616,49,4,1
11411,65,20,4,1,1,115103.01,446,4,0,0
11412,55,5,4,1,1,35312.71,623,87,1,0
11413,49,7,3,1,0,73463.89,465,7,4,1
11414,45,118,1,1,1,144195.25,714,26,3,1
11415,41,115,3,1,1,84353.08,416,89,3,0
11416,28,41,5,1,1,123849.14,355,38,0,0
11417,66,108,2,1,1,50354.35,422,89,4,1
11418,64,107,5,1,0,68911.9,518,31,0,0
11419,19,94,4,0,1,64919.93,438,31,4,1
11420,41,1,5,1,0,140501.12,693,48,1,0
11421,57,76,1,1,0,34796.36,809,85,3,1
11422,30,58,3,1,1,89929.32,461,93,4,1
11423,51,68,1,0,0,55408.21,557,80,0,0
11424,62,23,5,1,0,59817.37,672,24,0,0
11425,54,57,2,1,1,95870.02,828,6,1,0
11426,59,90,3,0,0,135691.8,606,81,4,1
11427,26,10,4,1,0,68702.24,678,83,3,1
11428,67,117,6,1,0,85403.92,513,37,0,1
11429,68,35,1,1,0,49132.8,334,25,2,1
11430,70,78,2,1,1,109105.96,608,56,3,1
11431,55,31,5,0,0,81111.48,423,2,0,0
11432,65,24,4,1,0,116921.22,650,81,0,0
11433,65,110,4,0,1,145453.62,577,36,4,1
11434,68,32,6,1,0,51026.26,551,57,4,1
11435,42,74,3,0,0,111766.98,320,47,3,1
11436,56,79,4,1,1,139456.56,417,34,3,1
11437,29,118,6,0,1,27759.87,493,10,1,1
11438,75,77,3,1,1,85399.4,383,66,4,1
11439,58,66,4,0,0,108739.12,707,3,2,1
11440,25,66,4,0,0,34853.89,435,9,4,1
11441,32,7,3,1,1,144808.58,818,43,4,1
11442,41,85,3,0,0,97755.36,408,1,1,0
11443,73,113,5,0,0,32427.32,388,71,1,0
11444,71,6,6,1,1,60411.1,785,30,4,1
11445,26,48,3,0,1,25720.84,543,10,3,1
11446,19,113,6,1,1,49676.87,344,12,2,1
11447,22,71,6,1,1,116925.98,385,14,3,1
11448,72,33,3,0,1,142574.05,364,96,0,0
11449,34,100,3,0,1,80712.08,580,9,2,1
11450,63,72,2,1,1,82204.5,357,4,3,0
11451,34,119,4,0,1,100575.95,406,99,0,0
11452,61,101,1,0,0,111076.84,842,56,2,1
11453,29,45,5,1,0,9725.74,479,22,3,1
11454,39,10,4,1,1,59424.38,422,51,4,1
11455,72,84,2,0,0,37789.49,524,94,1,0
11456,42,99,2,0,0,74846.13,329,9,0,0
11457,61,37,1,1,1,9143.57,812,32,2,1
11458,71,93,6,1,0,123547.03,595,39,3,1
11459,63,102,4,0,1,7623.72,685,23,1,0
11460,19,28,1,1,1,133574.44,777,90,3,1
11461,51,109,6,1,1,93885.87,650,12,2,1
11462,43,101,3,0,0,23091.05,849,0,4,1
11463,71,24,2,1,1,106480.72,827,83,3,1
11464,28,1,2,1,0,138153.96,450,31,1,0
11465,61,36,3,1,1,50056.81,820,38,4,1
11466,31,35,2,0,1,9322.88,387,12,2,0
11467,23,116,5,0,0,139481.49,339,36,3,1
11468,63,5,3,0,1,127202.51,483,41,1,0
11469,55,86,6,0,1,30376.85,655,28,2,1
11470,41,30,5,0,1,116895.56,768,100,4,1
11471,21,14,3,1,1,14212.52,455,25,1,1
11472,24,22,2,0,0,42884.15,732,43,1,0
11473,40,26,2,0,1,102031.46,748,71,1,0
11474,29,3,4,0,0,22399.5,327,51,4,1
11475,73,110,5,1,0,96208.59,519,8,2,1
11476,75,91,1,1,0,3033.1,513,93,2,0
11477,20,114,6,0,1,7055.11,822,74,1,0
11478,49,84,6,1,0,51308.35,535,70,4,1
11479,49,48,6,0,1,34778.22,413,73,4,1
11480,25,34,5,1,0,76169.69,519,75,1,0
11481,74,51,1,1,0,76357.36,788,18,3,1
11482,55,28,4,0,1,144181.77,824,57,0,0
11483,38,54,1,0,1,96115.98,590,76,3,1
11484,22,58,1,0,0,63091.62,792,93,4,1
11485,74,76,4,1,1,74895.47,432,25,0,0
11486,50,97,2,0,1,109976.09,305,47,0,0
11487,72,82,1,0,0,29336.86,832,91,2,1
11488,45,93,3,0,1,88303.92,709,99,1,0
11489,64,93,1,0,0,63329.79,823,44,1,0
11490,55,42,3,0,0,28908.03,663,33,2,1
11491,73,11,6,0,1,52940.24,465,95,2,1
11492,26,82,1,1,0,358.31,476,84,2,1
11493,44,76,2,0,0,14561.95,709,37,0,0
11494,59,70,4,0,1,95480.5,467,99,1,0
11495,42,15,5,1,0,6862.26,696,21,0,0
11496,37,87,1,0,0,7453.46,554,37,0,0
11497,53,32,4,1,1,79260.98,838,28,2,1
11498,60,24,1,1,0,52376.33,723,8,1,0
11499,42,46,6,0,0,81780.89,330,13,3,1
11500,27,115,3,1,1,15204.71,732,18,3,1
11501,59,86,4,1,1,36366.26,659,3,4,1
11502,57,108,4,1,1,18152.43,614,84,4,1
11503,27,106,6,1,1,13102.25,383,43,1,0
11504,64,3,3,1,0,116965.04,341,18,1,1
11505,50,86,1,1,0,30058.48,317,62,0,0
11506,65,82,3,1,0,118814.57,498,46,3,1
11507,72,42,3,0,1,26361.91,628,77,3,0
11508,34,63,2,1,1,140808.94,762,63,3,1
11509,68,32,3,0,0,2982.42,759,53,1,0
11510,30,18,5,0,1,1496.51,631,66,0,0
11511,55,8,4,0,0,146907.98,489,33,3,1
11512,55,13,4,1,0,87226.85,453,44,1,1
11513,29,13,6,1,0,94642.29,450,26,4,1
11514,52,5,6,0,0,70101.71,642,78,1,1
11515,46,47,1,0,0,146607.65,732,10,1,0
11516,24,23,5,1,1,104593.29,743,79,0,0
11517,44,52,1,0,0,139734.41,642,2,2,0
11518,27,7,1,1,1,149872.02,634,67,0,0
11519,66,10,1,1,1,83813.95,461,64,0,1
11520,71,54,3,0,0,85623.26,525,97,0,0
11521,25,94,3,0,1,42319.78,785,30,2,0
11522,61,12,4,1,0,115841.58,450,36,1,0
11523,22,89,3,1,0,119683.82,544,66,2,1
11524,47,92,5,1,0,88319.19,301,55,4,1
11525,19,54,3,1,1,118933.7,781,92,1,0
11526,74,68,3,0,0,51697.65,773,12,2,1
11527,34,79,2,1,0,44239.89,845,63,2,1
11528,31,70,4,1,1,137600.38,597,66,0,0
11529,65,106,5,1,1,68973.2,311,27,2,0
11530,26,37,4,0,1,83366.69,819,63,1,0
11531,42,61,2,1,0,142406.64,773,28,3,0
11532,60,54,2,1,0,103857.43,330,26,4,1
11533,63,35,5,1,1,77487.65,619,36,2,0
11534,58,23,6,0,1,26876.3,620,58,2,0
11535,46,117,6,1,0,297.05,772,39,2,0
11536,45,55,6,0,1,124308.84,667,100,1,0
11537,58,41,5,1,1,128054.73,713,71,4,1
11538,63,7,5,1,0,19777.92,749,9,0,1
11539,63,9,5,0,0,94173.27,708,31,4,1
11540,46,112,5,0,1,144361.62,702,76,2,0
11541,31,69,2,0,1,108373.41,529,14,2,1
11542,61,9,5,0,1,124035.89,763,39,4,1
11543,34,85,6,1,1,43769.07,727,17,0,0
11544,57,21,1,1,1,98749.13,365,79,1,1
11545,61,102,2,1,0,55363.22,383,94,3,0
11546,42,103,5,0,0,130911.43,674,76,2,1
11547,64,84,2,0,1,16584.47,474,37,3,1
11548,31,8,4,1,0,98566.08,346,9,2,0
11549,28,72,5,0,0,108904.58,588,77,0,0
11550,58,115,1,1,0,43866.79,621,45,0,1
11551,51,120,2,1,1,58145.5,828,64,3,1
11552,53,100,5,1,0,34498.31,818,33,3,0
11553,59,58,2,0,0,68314.76,755,49,2,0
11554,39,28,4,0,0,98721.93,458,0,0,1
11555,72,96,5,1,0,28381.32,701,9,0,0
11556,42,15,5,0,0,74979.1,694,72,3,0
11557,24,35,6,0,0,138277.75,510,3,4,1
11558,18,7,1,1,1,22524.99,460,44,0,1
11559,70,44,6,1,0,82377.02,360,95,3,1
11560,71,97,1,0,0,32413.32,704,42,0,0
11561,33,83,5,1,1,148688.43,359,64,0,0
11562,54,21,6,1,0,130280.69,664,15,2,0
11563,74,113,2,1,0,5374.5,457,16,0,0
11564,25,65,4,1,1,119356.67,370,32,4,1
11565,33,40,6,1,1,14503.06,777,22,2,1
11566,55,98,5,1,1,88427.75,308,59,3,0
11567,53,66,2,1,1,146479.0,718,96,4,1
11568,46,109,3,0,1,120968.1,565,82,3,1
11569,57,25,1,0,1,113010.05,491,56,2,0
11570,48,4,4,0,1,19569.7,791,56,2,0
11571,25,50,5,0,0,95995.45,773,11,3,1
11572,20,1,4,1,0,97803.44,795,44,3,1
11573,39,47,5,1,1,145756.46,447,10,1,0
11574,29,24,5,0,1,68318.99,330,73,3,1
11575,42,32,6,0,0,66983.98,691,61,4,1
11576,49,70,6,0,1,62288.96,307,55,1,0
11577,59,69,2,1,1,128923.37,731,57,3,0
11578,55,8,2,0,1,10464.88,554,47,4,1
11579,62,110,2,1,0,88980.88,750,46,2,1
11580,53,34,5,1,0,4658.03,424,12,4,1
11581,73,52,5,0,1,125917.66,811,24,0,0
11582,31,98,5,1,1,76665.78,501,10,1,0
11583,42,2,4,0,0,117890.71,507,33,4,1
11584,30,54,5,1,0,62663.0,832,83,1,0
11585,24,24,2,1,0,106668.7,696,72,3,1
11586,74,33,5,0,0,41583.04,741,32,0,1
11587,69,32,1,0,1,145737.95,449,1,4,1
11588,40,82,5,1,1,102700.5,810,50,4,1
11589,30,45,6,0,1,146285.26,849,42,3,1
11590,32,114,1,1,0,31837.06,316,31,3,1
11591,45,117,6,1,1,33951.97,472,65,2,0
11592,65,20,1,1,0,34664.78,748,62,3,1
11593,64,116,4,1,1,67623.61,774,20,4,1
11594,65,68,5,1,0,74400.9,470,9,4,1
11595,56,111,5,0,0,51251.81,446,65,3,0
11596,19,16,4,1,0,143274.09,554,81,1,0
11597,61,34,4,1,1,45207.74,497,60,2,0
11598,65,75,3,1,0,32392.22,333,51,3,1
11599,37,42,1,1,1,18965.21,670,5,3,1
11600,29,81,4,1,0,22435.56,555,97,1,0
11601,33,19,6,0,1,9715.47,625,66,3,1
11602,59,112,6,1,1,109916.95,357,51,3,1
11603,54,96,1,1,1,69228.95,825,62,0,0
11604,24,61,1,1,0,141779.83,625,42,4,1
11605,68,29,3,0,1,102033.89,646,92,3,0
11606,59,105,4,1,1,31811.97,314,0,4,1
11607,31,1,5,0,1,46395.83,725,64,0,1
11608,61,43,1,1,0,74498.2,745,20,0,0
11609,25,67,6,1,1,28027.59,647,30,4,1
11610,29,108,5,0,1,45797.7,777,79,0,0
11611,33,80,3,1,0,92210.15,447,75,3,1
11612,38,71,3,1,1,56953.45,687,11,3,0
11613,52,61,3,1,0,143192.15,534,24,4,1
11614,38,27,3,1,1,125297.3,655,18,3,1
11615,40,41,5,0,1,143563.63,501,21,1,0
11616,52,99,2,1,0,18468.1,582,63,0,0
11617,19,42,6,1,1,123547.52,820,73,2,0
11618,62,30,1,0,1,89899.3,762,69,1,0
11619,55,11,2,1,1,72372.87,829,31,4,1
11620,20,56,4,1,0,72799.12,356,30,1,0
11621,43,4,2,1,1,79943.99,426,29,0,1
11622,75,56,3,1,0,97032.61,393,3,4,1
11623,18,78,2,0,0,147367.16,754,16,3,0
11624,25,97,1,0,0,149545.5,596,61,0,0
11625,54,92,5,0,0,90920.34,693,21,3,1
11626,26,55,3,1,1,55836.15,781,91,3,1
11627,26,20,5,0,0,123731.89,665,74,4,1
11628,55,21,2,0,1,119666.97,837,97,0,0
11629,23,67,6,0,1,104655.09,427,66,0,0
11630,61,82,5,1,1,4241.28,569,94,2,0
11631,25,38,6,0,0,96895.35,715,89,2,0
11632,72,104,6,1,1,74682.94,656,100,2,0
11633,27,31,4,1,1,78369.99,590,22,3,1
11634,55,22,3,1,1,7173.64,516,31,4,1
11635,52,81,1,1,1,136970.66,575,86,3,1
11636,64,44,1,1,0,45927.27,656,10,0,1
11637,39,115,6,1,1,113534.15,650,82,4,1
11638,26,66,3,0,0,31095.28,759,14,0,0
11639,61,66,2,1,1,89118.74,400,13,2,1
11640,60,32,4,1,0,22774.37,445,45,4,1
11641,59,8,2,1,0,46223.9,403,6,4,1
11642,65,116,2,1,0,47630.23,802,28,4,1
11643,48,115,1,0,1,25255.57,638,67,0,0
11644,28,84,1,1,1,133596.33,536,26,3,1
11645,39,93,1,1,0,148867.89,305,2,4,1
11646,55,30,1,0,0,37249.59,632,10,4,1
11647,24,16,2,1,0,136835.04,408,13,0,0
11648,32,15,3,1,0,126743.14,640,87,1,0
11649,43,34,3,0,0,90495.16,423,33,2,0
11650,65,77,2,1,1,125778.74,569,15,2,0
11651,66,73,3,0,1,48844.09,712,43,0,0
11652,62,35,5,1,1,17058.59,586,68,4,1
11653,18,19,4,0,1,15400.93,422,23,4,1
11654,45,104,1,1,1,87366.51,563,61,4,1
11655,61,91,5,0,1,29967.76,686,85,0,0
11656,25,57,4,0,1,40442.21,661,37,2,0
11657,53,14,4,0,1,133790.95,583,91,0,0
11658,27,110,4,1,0,108318.23,581,3,3,0
11659,22,41,3,1,1,96982.87,773,99,2,1
11660,47,42,2,0,0,16581.7,580,37,2,0
11661,19,32,5,1,0,125671.4,502,62,4,1
11662,47,24,2,0,1,104742.26,429,69,3,1
11663,66,29,4,1,1,5459.2,535,9,3,1
11664,43,61,3,0,0,138572.31,718,0,3,0
11665,70,45,6,0,0,133323.41,531,65,2,0
11666,50,17,3,1,0,28700.16,370,74,3,1
11667,19,60,5,0,0,12616.54,815,38,1,0
11668,59,68,1,1,1,39435.49,668,22,0,0
11669,41,18,5,0,1,48426.11,394,38,4,1
11670,43,36,3,0,1,119827.94,466,5,3,1
11671,51,118,4,0,1,136063.64,491,58,4,0
11672,43,70,6,1,1,13410.71,394,63,2,1
11673,32,100,3,0,1,126988.57,671,41,3,1
11674,46,42,5,1,0,10801.85,329,19,1,0
11675,71,105,5,0,0,75549.76,651,84,1,0
11676,18,67,1,0,0,88888.36,411,39,4,1
11677,30,51,5,0,1,81814.33,744,34,0,1
11678,51,58,3,0,1,138863.15,792,80,3,1
11679,62,90,1,0,1,53900.55,740,20,3,1
11680,27,30,1,1,0,148612.82,452,67,0,1
11681,52,11,3,0,1,100747.65,349,99,1,0
11682,38,90,2,1,0,32776.46,633,82,4,1
11683,52,37,5,0,0,78025.94,591,73,0,0
11684,58,27,1,0,0,29415.29,797,78,3,1
11685,27,70,2,1,0,83574.78,419,84,1,0
11686,33,93,4,0,1,97585.48,331,12,2,1
11687,28,53,5,0,0,41435.59,606,91,2,1
11688,56,42,3,1,1,2226.66,776,44,2,1
11689,41,106,6,1,0,34485.47,834,10,2,1
11690,62,16,2,1,1,124545.59,437,20,1,0
11691,23,107,1,0,1,50231.67,446,25,2,0
11692,49,21,2,1,0,117721.07,621,53,1,0
11693,60,110,3,1,1,7776.61,436,28,2,1
11694,52,72,3,1,1,20783.2,641,96,2,1
11695,63,42,5,0,0,102187.46,541,58,1,1
11696,71,62,5,1,0,69646.45,679,48,3,1
11697,34,39,1,0,0,48987.19,573,16,3,0
11698,56,54,4,1,0,132884.78,748,88,4,1
11699,47,52,6,1,1,33210.48,305,9,0,0
11700,50,108,6,0,1,113767.72,536,43,2,0
11701,36,83,6,0,0,118376.29,690,45,3,1
11702,48,104,3,0,0,72756.74,508,40,4,1
11703,27,41,6,1,0,37684.68,695,32,4,1
11704,24,91,6,1,0,119926.55,431,97,4,1
11705,58,26,3,0,0,77162.61,817,97,1,0
11706,55,47,1,0,1,145582.16,442,57,3,1
11707,57,17,3,0,0,113560.77,756,47,2,0
11708,37,62,5,0,0,111569.25,336,87,4,1
11709,27,66,5,1,0,50573.77,591,63,4,0
11710,34,7,6,0,1,114767.86,321,85,4,1
11711,31,49,1,0,0,120661.93,582,73,3,1
11712,47,41,3,1,0,5698.3,637,28,0,0
11713,44,39,4,0,1,12042.11,667,38,4,1
11714,29,42,3,0,0,123051.43,337,34,1,1
11715,58,71,1,1,0,125583.21,627,19,0,0
11716,72,85,4,0,1,26069.79,360,57,3,1
11717,63,41,1,1,1,68031.75,618,96,2,0
11718,62,77,1,0,0,24112.12,813,39,2,1
11719,68,115,2,0,1,122626.28,524,87,2,1
11720,59,44,3,0,0,36614.44,535,92,0,0
11721,50,47,5,1,1,41562.97,690,9,1,0
11722,67,8,1,1,1,107947.04,347,18,3,1
11723,52,35,2,1,0,68235.94,520,67,2,0
11724,24,69,5,0,0,117889.68,382,88,0,0
11725,74,88,6,1,0,67585.12,495,16,4,1
11726,45,87,6,0,0,95659.57,468,23,2,1
11727,44,54,3,1,1,104448.33,392,66,1,0
11728,63,68,6,1,0,83171.97,781,72,1,0
11729,25,55,6,1,1,140497.62,442,73,4,1
11730,27,118,2,1,1,76448.38,550,49,1,0
11731,41,75,5,1,0,101672.32,376,29,3,1
11732,71,45,6,0,1,101042.13,460,45,4,1
11733,69,50,6,0,0,18795.97,666,7,4,0
11734,27,52,2,0,0,120485.58,788,61,2,1
11735,34,31,4,0,0,50117.62,668,74,4,1
11736,57,76,5,1,0,126050.71,641,68,0,0
11737,31,34,5,0,0,97627.96,576,2,0,0
11738,40,53,3,1,1,76044.31,344,0,4,1
11739,55,7,6,0,0,35530.97,565,72,1,0
11740,23,95,2,1,1,24413.26,429,17,3,0
11741,47,49,2,1,1,55129.06,715,99,3,0
11742,28,5,4,0,0,22853.38,657,90,3,1
11743,38,63,2,1,1,69626.75,636,95,0,0
11744,51,79,4,1,0,503.74,632,23,3,1
11745,53,29,3,1,0,65399.31,717,85,3,1
11746,34,77,1,1,1,37211.46,557,60,0,0
11747,67,62,2,0,1,3027.1,834,17,2,1
11748,34,39,1,1,0,119065.73,785,0,3,1
11749,46,58,3,0,0,32903.36,706,69,1,0
11750,71,115,4,0,1,31576.03,842,32,4,1
11751,36,8,1,0,0,50175.23,321,46,0,1
11752,27,59,6,0,0,85365.06,535,12,1,1
11753,20,27,2,1,1,133829.65,836,28,4,1
11754,41,10,6,0,1,148932.66,809,53,4,1
11755,53,73,2,0,1,113611.52,454,30,4,0
11756,63,61,3,1,1,84216.66,324,30,3,1
11757,44,86,4,1,1,32229.39,568,100,4,0
11758,20,91,3,0,1,117178.98,824,18,1,0
11759,30,25,2,1,1,99481.42,754,89,1,0
11760,74,7,5,0,0,29094.86,675,14,4,1
11761,21,38,1,1,0,28914.68,301,98,2,0
11762,31,20,4,0,1,49999.97,321,57,0,0
11763,38,111,6,1,1,144115.19,306,97,2,0
11764,47,82,4,0,0,127324.32,505,59,0,1
11765,51,118,1,0,0,102105.05,618,94,4,1
11766,39,90,5,0,0,109534.16,570,27,0,0
11767,44,87,4,0,0,136192.5,687,11,2,1
11768,43,24,2,1,0,37412.97,720,63,4,1
11769,37,100,2,1,0,47712.31,769,56,4,1
11770,18,41,2,1,1,3076.6,563,12,3,1
11771,68,84,6,1,1,89237.56,710,64,2,0
11772,47,71,4,0,0,138382.14,364,95,4,1
11773,19,32,2,1,1,23902.37,600,60,2,1
11774,51,51,4,1,1,81320.45,517,65,1,0
11775,19,62,5,0,0,100250.39,741,36,1,0
11776,32,91,6,0,0,74457.8,789,76,1,0
11777,74,99,4,0,0,133020.75,512,79,2,1
11778,27,91,2,1,1,55834.87,454,43,3,1
11779,72,66,2,1,0,133558.72,372,79,0,0
11780,51,9,3,1,0,96454.83,665,10,1,0
11781,52,11,3,0,0,36762.69,746,17,0,1
11782,36,82,1,0,1,38537.12,697,44,1,1
11783,40,58,6,0,1,144506.92,482,9,3,0
11784,55,67,4,0,0,13039.42,603,68,1,0
11785,69,89,6,0,0,51032.43,325,2,4,1
11786,23,99,6,1,0,36609.58,568,2,4,1
11787,70,11,1,1,1,56694.78,597,60,4,1
11788,22,65,6,0,1,61621.35,573,45,0,0
11789,38,3,6,1,1,120308.17,494,87,1,0
11790,65,34,4,0,0,88598.29,765,3,1,0
11791,47,7,6,1,1,37044.09,508,81,0,0
11792,20,13,2,1,0,81832.89,815,6,4,1
11793,54,14,2,1,1,81593.85,734,100,4,1
11794,27,5,4,1,0,19858.06,838,86,0,0
11795,68,29,6,1,0,39690.29,718,38,1,0
11796,26,34,3,1,1,146489.46,557,34,3,1
11797,61,21,4,0,0,35531.69,543,57,3,1
11798,32,40,6,1,1,43633.32,654,46,4,1
11799,47,56,4,1,0,104266.9,304,99,1,0
11800,34,56,2,0,1,137226.75,668,39,3,1
11801,29,70,3,1,0,105620.72,413,100,3,1
11802,73,78,4,1,0,40535.32,416,65,4,1
11803,65,16,4,0,0,33087.69,713,4,0,0
11804,53,70,5,1,0,102409.8,634,77,2,0
11805,62,93,3,1,0,89713.3,397,41,3,1
11806,50,84,2,0,0,63325.85,448,94,3,1
11807,59,28,2,0,1,112086.57,301,41,1,0
11808,27,69,4,0,0,5318.88,601,65,0,0
11809,43,118,3,0,1,31536.06,666,56,4,1
11810,65,115,3,1,1,5834.06,726,90,1,0
11811,49,53,2,0,0,63047.02,431,83,2,1
11812,55,79,6,0,0,40028.98,740,3,1,0
11813,53,97,6,1,1,42583.69,426,99,3,1
11814,33,58,6,0,1,92887.29,797,20,4,1
11815,53,55,3,1,1,21869.04,548,44,3,0
11816,54,27,3,1,0,124116.56,310,97,3,1
11817,49,9,6,1,0,90589.62,773,8,4,1
11818,73,57,4,1,0,122769.04,466,20,3,1
11819,67,2,2,1,1,77826.35,533,55,4,1
11820,35,117,2,1,0,2890.75,795,83,3,1
11821,67,120,2,0,1,136035.15,423,89,2,0
11822,63,71,6,0,0,96881.17,731,24,2,1
11823,71,69,2,1,1,86721.65,748,82,2,1
11824,21,102,3,1,1,23456.63,507,99,3,0
11825,56,106,1,1,0,87583.78,672,25,2,1
11826,70,23,5,1,0,107561.93,807,51,1,0
11827,46,87,6,0,1,92043.85,740,14,1,1
11828,41,69,2,1,0,71113.96,794,59,1,0
11829,62,108,6,1,0,26958.7,844,0,1,0
11830,49,44,5,1,0,69267.1,724,9,4,1
11831,66,18,1,1,1,112969.03,334,86,3,1
11832,43,73,5,1,0,111313.19,793,56,3,0
11833,65,64,5,0,0,125613.62,341,57,1,0
11834,53,30,5,1,0,5711.82,467,77,3,1
11835,63,92,4,0,1,21768.98,570,67,1,0
11836,44,94,4,1,0,101988.59,733,90,1,0
11837,34,18,4,0,0,127689.52,594,58,4,1
11838,65,101,6,1,1,122654.99,473,57,4,1
11839,61,20,3,0,0,138724.0,561,63,0,1
11840,47,20,2,0,0,149098.92,555,66,3,1
11841,54,86,6,1,0,66134.09,570,6,0,0
11842,70,2,4,1,0,46205.55,828,78,4,1
11843,30,42,1,1,1,7642.52,375,5,1,0
11844,53,26,3,0,0,137183.66,659,13,2,0
11845,48,24,1,0,0,33637.1,365,25,4,1
11846,43,83,6,1,0,88786.71,428,100,4,1
11847,30,74,5,1,1,113739.79,683,17,0,0
11848,56,77,5,1,1,73976.77,447,39,3,0
11849,34,102,6,1,1,43123.29,748,44,2,1
11850,48,18,5,0,0,99766.82,492,50,0,0
11851,24,50,5,1,0,7033.87,467,3,3,0
11852,40,93,5,0,1,17225.03,371,5,2,1
11853,18,74,2,0,0,24997.85,849,4,1,0
11854,21,2,4,0,1,75906.06,728,91,0,0
11855,45,12,5,0,0,72025.49,706,39,0,0
11856,27,59,5,1,0,61604.61,421,4,0,0
11857,75,100,1,0,0,56699.07,620,69,0,0
11858,26,46,5,0,0,7931.23,441,75,4,1
11859,51,35,3,1,0,9849.57,600,10,4,1
11860,52,26,3,1,0,6946.84,749,56,0,0
11861,72,30,3,0,0,19471.23,445,64,0,0
11862,47,17,4,0,0,59939.05,513,51,1,0
11863,58,79,4,0,0,91889.05,456,99,4,1
11864,68,114,6,0,1,88983.06,718,9,3,1
11865,45,120,5,0,1,10657.54,422,6,2,1
11866,20,43,4,0,1,21817.12,514,98,4,1
11867,63,105,6,0,1,42666.71,538,1,2,0
11868,46,98,3,0,1,38364.12,349,72,3,1
11869,46,33,5,0,0,73933.59,520,14,0,0
11870,38,68,4,1,1,115988.88,802,7,2,1
11871,36,2,4,0,1,981.17,446,5,0,0
11872,41,26,6,1,0,30707.17,675,79,3,0
11873,28,82,6,1,0,54696.68,481,9,2,1
11874,21,16,4,1,1,79931.57,607,99,3,1
11875,46,4,4,0,1,31922.29,481,54,2,0
11876,43,83,3,0,0,514.8,529,38,3,1
11877,44,50,1,0,1,133874.18,831,19,1,1
11878,62,16,3,1,1,40601.1,758,68,3,1
11879,75,6,2,1,0,133017.08,514,79,0,0
11880,67,45,5,1,1,15439.54,740,81,1,0
11881,63,15,4,0,0,43292.11,588,94,0,0
11882,50,41,6,0,1,51370.43,495,91,3,1
11883,52,102,5,0,0,125869.94,839,52,2,1
11884,73,37,4,0,0,79851.08,774,21,2,0
11885,44,75,2,0,0,97502.13,740,97,4,1
11886,27,76,5,1,1,126998.92,452,84,4,1
11887,61,44,4,1,0,12510.11,394,18,2,1
11888,23,30,3,1,0,85586.31,650,6,2,0
11889,32,34,5,1,0,127810.6,349,24,1,1
11890,49,50,5,1,0,97974.71,713,12,0,1
11891,66,16,5,1,1,85108.79,653,94,3,1
11892,50,2,1,0,1,62653.14,711,19,4,1
11893,30,61,4,0,0,116053.9,636,53,0,0
11894,28,109,5,0,0,34197.58,388,98,1,0
11895,57,78,6,1,1,59377.14,482,49,0,0
11896,75,117,6,1,0,53607.21,683,50,3,1
11897,70,75,1,1,0,142642.34,363,69,4,1
11898,55,40,6,1,1,139240.47,703,12,4,1
11899,75,58,5,1,1,20073.97,589,0,3,1
11900,22,36,3,1,0,84022.31,345,49,2,1
11901,36,50,6,1,0,70233.12,803,72,4,1
11902,32,70,3,0,0,88871.96,745,58,4,1
11903,24,41,3,0,0,49269.97,354,90,0,1
11904,26,116,2,1,0,19839.37,713,44,1,0
11905,46,113,2,0,0,51287.41,461,36,0,0
11906,41,72,6,1,1,97668.72,327,79,0,0
11907,51,58,5,1,1,24790.37,655,18,0,0
11908,59,101,2,1,0,149163.59,454,30,3,1
11909,42,89,2,1,1,108035.58,647,85,0,0
11910,69,89,4,0,1,67116.67,571,70,0,0
11911,35,25,5,0,1,57391.49,790,38,1,0
11912,41,5,3,0,0,90253.29,668,46,2,1
11913,37,22,1,1,0,15032.87,475,81,3,1
11914,36,22,3,1,0,82273.1,412,83,4,1
11915,59,93,6,0,1,38470.16,838,39,3,1
11916,66,59,2,0,0,80548.72,453,69,3,1
11917,28,98,6,1,1,145845.25,312,13,2,0
11918,33,115,6,1,1,61566.1,310,5,1,0
11919,24,77,4,0,1,149927.46,642,64,4,1
11920,73,69,4,1,1,10972.0,492,52,2,1
11921,29,112,1,0,1,130173.76,629,53,2,0
11922,53,111,6,1,1,110847.13,393,43,4,1
11923,62,77,2,0,1,27988.27,849,9,0,0
11924,48,80,5,0,0,4215.76,473,1,1,0
11925,31,17,2,1,0,117796.04,809,50,1,0
11926,71,65,4,0,1,17456.72,436,26,1,0
11927,21,43,2,1,1,564.14,344,7,3,1
11928,47,93,4,1,1,62209.22,785,13,4,1
11929,45,108,4,0,0,37061.91,848,20,2,0
11930,60,107,5,1,1,127755.49,378,79,4,1
11931,55,110,6,0,1,76033.79,620,14,1,0
11932,30,7,6,1,1,103758.51,710,49,4,1
11933,66,57,3,0,1,119430.98,531,41,0,0
11934,35,118,2,1,1,97662.97,755,71,3,1
11935,24,104,2,1,1,68854.16,331,35,4,1
11936,33,106,1,0,1,119456.34,847,86,0,1
11937,51,35,2,1,0,25793.54,785,15,1,0
11938,38,8,1,0,1,40483.44,375,62,2,1
11939,21,21,3,0,1,61333.49,380,93,0,0
11940,71,46,2,1,1,44343.89,834,37,2,1
11941,61,59,2,1,1,47590.16,592,6,1,0
11942,48,28,1,0,0,141415.27,520,86,2,1
11943,20,106,3,0,1,92783.07,708,52,2,1
11944,67,117,6,1,0,115464.32,342,75,3,1
11945,25,15,5,0,1,4361.17,764,79,2,0
11946,30,58,4,0,0,43560.18,435,83,2,1
11947,36,39,4,0,1,86315.53,514,42,4,1
11948,38,48,5,1,1,33457.14,445,89,4,1
11949,39,108,4,0,1,18897.46,480,3,0,1
11950,71,23,3,1,1,83102.0,717,64,1,1
11951,51,96,3,1,0,15701.46,349,73,0,0
11952,74,40,2,1,0,88952.85,633,11,4,1
11953,22,90,4,0,1,111033.81,639,55,1,0
11954,71,75,2,1,0,92626.93,805,27,3,1
11955,45,34,2,0,1,96893.14,432,42,1,0
11956,54,53,5,0,1,96492.51,335,90,2,1
11957,44,96,3,1,1,70058.96,814,37,1,0
11958,73,107,2,0,0,18775.54,602,84,4,1
11959,22,14,4,0,0,38527.47,338,76,3,0
11960,75,73,1,0,0,142155.37,682,67,0,1
11961,29,49,3,1,1,69078.36,448,59,3,1
11962,46,2,4,1,1,28416.01,465,32,1,0
11963,41,6,2,0,1,69072.51,320,53,1,0
11964,49,75,2,1,1,149515.4,842,25,0,1
11965,65,70,5,1,0,135518.52,319,97,0,0
11966,19,16,4,1,1,29615.95,713,1,0,0
11967,48,86,3,1,1,145716.28,720,26,3,1
11968,48,119,2,1,0,102155.95,658,1,0,0
11969,23,17,6,1,1,105072.08,696,16,4,1
11970,49,114,3,0,0,53875.38,554,91,3,0
11971,75,85,5,0,0,103524.47,648,26,0,0
11972,32,65,4,0,0,96426.63,404,44,2,0
11973,25,118,4,1,0,48360.16,350,86,3,1
11974,29,54,1,0,0,27806.0,370,84,1,0
11975,58,81,1,0,0,32018.41,537,97,0,0
11976,25,62,6,0,1,135355.77,442,14,2,1
11977,66,110,6,0,0,78489.3,574,5,0,0
11978,50,69,4,1,1,5833.12,694,89,1,0
11979,20,60,5,1,1,26179.51,664,13,2,1
11980,19,59,1,0,1,147008.38,310,61,0,1
11981,62,107,3,0,1,119569.35,387,20,2,1
11982,25,66,2,1,0,85619.56,440,53,1,0
11983,67,13,1,1,1,147059.58,729,66,3,1
11984,28,112,5,1,1,124927.17,673,72,3,1
11985,38,107,6,1,1,48963.48,654,6,1,0
11986,19,115,2,1,0,108339.82,766,92,0,0
11987,47,23,1,0,1,42919.29,355,41,0,0
11988,26,2,2,0,0,50413.53,618,20,3,1
11989,69,30,6,0,1,26052.66,803,81,3,0
11990,63,59,2,1,0,49255.86,819,48,2,1
11991,25,119,6,0,1,15244.89,679,47,1,0
11992,27,39,6,1,0,112321.97,779,75,4,1
11993,71,76,2,1,0,98721.89,467,82,0,0
11994,35,48,1,0,1,9941.01,757,88,0,0
11995,47,37,6,1,0,140488.6,435,89,3,1
11996,27,5,1,1,1,63469.82,446,42,3,1
11997,35,95,4,1,1,10715.39,476,16,4,1
11998,37,26,2,1,1,28756.2,753,18,4,0
11999,74,72,6,0,1,134333.25,480,90,3,1
